:START_ID(Entity),:END_ID(Entity),:TYPE,claim_id,predicate,refs:int[],status,evidence,level,species:string[],section,volume,synthesis:boolean,finding,finding_note,hypothesis,hypothesis_group,parameters
electric-magnetic-ultrasonic-and-optical-non-inv-1i8pl0q,four-distinct-physical-coupling-problems-0y1ncgx,COUPLES_VIA,C0001,couples_via,30,supported,consensus,biophysical,,v0-abstract,v0,false,,,,,
neuromodulation-as-an-electrical-magnetic-or-che-1ayhbo4,activity-of-neurons-and-glia-09yq0tf,MODULATES,C0002,modulates,1,supported,consensus,cellular,,v0-1-what-neuromodulation-is,v0,false,,,,,"{""source"":""2022 joint Neuromodulation Foundation, Institute of Neuromodulation and INS glossary"",""terms_defined"":""91"",""scope"":""implanted systems""}"
implanted-drug-pump-delivering-pharmaceutical-ag-0vjslba,nerve-activity-at-a-target-area-1aijmqk,MODULATES,C0003,modulates,3,supported,consensus,clinical,,v0-1-what-neuromodulation-is,v0,false,,,,,"{""source"":""INS public definition, accessed 2026-09-15"",""omissions"":""magnetic stimulation and glia not mentioned""}"
unreported-effective-stimulation-dose-1ecdvhs,implantable-electrical-therapies-for-chronic-pai-1caisa3,CONFOUNDS,C0004,confounds,2,supported,consensus,clinical,,v0-1-what-neuromodulation-is,v0,false,,,,,"{""classification_axes"":""intended treatment site, clinical application, waveform and dose"",""consequence"":""published studies cannot be replicated""}"
specific-rather-than-broad-definitions-of-transc-1j1mpoy,reproducing-protocols-and-comparing-safety-and-e-11lbup5,REQUIRED_FOR,C0005,required_for,4,supported,consensus,clinical,,v0-1-what-neuromodulation-is,v0,false,,,,,"{""techniques_named"":""tDCS, tACS, tPCS and newer variants"",""tradeoff"":""broad definitions leave room for new techniques""}"
endogenous-neuromodulatory-substances-reaching-n-1pv5wtf,intrinsic-firing-properties-and-effective-synapt-1ar6oju,MODULATES,C0006,modulates,5,supported,animal-interventional,cellular,invertebrate,v0-1-what-neuromodulation-is,v0,false,,,,,"{""preparation"":""small invertebrate circuits, mixed preparations""}"
modulatory-state-of-a-circuit-0in2v6r,which-functional-circuit-is-running-on-a-fixed-a-1lb1up7,GATES,C0007,gates,5,supported,animal-interventional,circuit,invertebrate,v0-1-what-neuromodulation-is,v0,false,,,,,
electrical-stimulation-of-the-peripheral-vagus-n-0uig3is,hepatic-tnf-synthesis-and-peak-serum-tnf-0irsc2x,DECREASES,C0008,decreases,148,supported,animal-interventional,molecular,rat,v0-1-what-neuromodulation-is,v0,false,,,,,"{""context"":""lethal endotoxaemia"",""identification"":""efferent vagal signalling named as a parasympathetic anti-inflammatory pathway""}"
electrical-or-pharmacological-drive-applied-to-t-1kqyknz,the-inflammatory-reflex-selectively-and-reversib-1rv3agp,MODULATES,C0009,modulates,149,supported,consensus,systemic,,v0-1-what-neuromodulation-is,v0,false,,,,,"{""basis"":""the loop is hard-wired, so it can be addressed by either means""}"
a-pharmacological-agent-given-by-any-route-1558u13,nerve-activity-as-a-peer-of-device-drives-under-1lu568k,MODULATES,C0010,modulates,1;3;149,inferred,inferred,systemic,,v0-1-what-neuromodulation-is,v0,true,,,,,"{""note"":""extends to drugs by any route a parity that none of the cited sources states explicitly""}"
rates-reporting-checklist-for-transcranial-elect-1bhce4c,reproducible-reporting-of-tes-protocols-0nvgyo1,REQUIRED_FOR,C0011,required_for,193,supported,consensus,clinical,,v0-1-what-neuromodulation-is,v0,false,,,,,"{""method"":""three-round Delphi study"",""experts"":""38"",""items"":""66 in five groups (participants, stimulator, electrodes, current, procedure)"",""essential_version"":""26 items""}"
an-exogenous-drive-0emg5e0,the-chain-drive-coupling-cellular-subcellular-mo-083s2rv,COUPLES_VIA,C0012,couples_via,24;199,inferred,inferred,systemic,,v0-2-levels-and-the-chain,v0,true,,,,,"{""assembly"":""from the brain-stimulation chain (induced field to local and network effects to behaviour) and the drug-development chain (exposure to binding to pharmacological activity)"",""note"":""no cited paper states the seven-step chain""}"
a-levels-of-organisation-scheme-running-from-mol-1k6da3s,an-explanation-of-perception-learning-and-consci-02lc9uz,REQUIRED_FOR,C0013,required_for,6,supported,consensus,systemic,,v0-2-levels-and-the-chain,v0,false,,,,,"{""method_requirement"":""large-scale recording together with computational models""}"
each-link-in-the-drive-to-outcome-chain-0goz76w,an-independent-measurement-or-model-at-that-leve-11192q9,REQUIRED_FOR,C0014,required_for,5;6;8;183,inferred,inferred,systemic,,v0-2-levels-and-the-chain,v0,true,,,,,
a-small-number-of-molecular-targets-shared-by-ch-1sbpro4,endogenous-sleep-and-arousal-circuitry-with-the-09me7al,MODULATES,C0015,modulates,183,supported,consensus,circuit,,v0-2-levels-and-the-chain,v0,false,,,,,"{""consequence"":""target and behaviour are separated by an existing physiological control circuit, not a new pathway""}"
combined-bottom-up-biophysical-and-top-down-netw-1fnug3o,an-explicit-link-from-microscopic-mechanisms-to-0rxbqyw,REQUIRED_FOR,C0016,required_for,8,supported,computational,circuit,,v0-2-levels-and-the-chain,v0,false,,,,,"{""status"":""a programme, not a finished bridge""}"
central-integration-in-the-afferent-central-effe-0gxdopx,how-strongly-the-efferent-cholinergic-limb-fires-1rod6st,GATES,C0017,gates,149,supported,consensus,circuit,,v0-2-levels-and-the-chain,v0,false,,,,,"{""framing"":""the nervous system senses inflammatory status and regulates it in real time""}"
the-three-pillars-exposure-at-the-target-site-ta-0vnxts1,an-adequate-test-of-a-drug-mechanism-in-a-phase-0t6s85g,REQUIRED_FOR,C0018,required_for,24,supported,human-observational,clinical,human,v0-2-levels-and-the-chain,v0,false,,,,,"{""programmes_analysed"":""44 Pfizer Phase II programmes"",""main_failure_reason"":""lack of efficacy"",""mechanism_test_unclear"":""43% of cases""}"
downstream-nmda-receptor-activation-1hiq8gl,antidepressant-like-behavioural-effect-of-ketami-1n540nq,REQUIRED_FOR,C0019,required_for,168,contested,animal-interventional,molecular,mouse,v0-2-levels-and-the-chain,v0,false,,,H-hnk-active-species-p3,H-hnk-active-species,"{""sex"":""male mice"",""ketamine_effective_dose"":""10 mg/kg"",""dose_response"":""inverted-U, ineffective at higher doses"",""blocking_antagonists"":""MK-801 and CPP"",""rival_accounts"":""opioid or GABAergic sites, or a different explanation of (2R,6R)-HNK""}"
early-changes-in-emotional-and-social-informatio-0nmqg2q,an-account-of-the-delay-before-clinical-benefit-1tadii2,REQUIRED_FOR,C0020,required_for,187,supported,consensus,clinical,human,v0-2-levels-and-the-chain,v0,false,,,,,"{""problem"":""a neurotransmitter-level account cannot explain the delay"",""placement"":""between receptor occupancy and symptom change""}"
nominal-stimulus-device-parameters-or-administer-0tzzmvv,effective-stimulus-the-field-at-the-neuron-the-p-027l6sd,CORRELATES_WITH,C0021,correlates_with,24;199,inferred,inferred,biophysical,,v0-2-levels-and-the-chain,v0,true,,,,,"{""practice"":""studies often report the first and infer the second""}"
transcranial-electric-and-magnetic-stimulation-0mukmy5,the-electric-field-injected-into-the-body-tes-or-143e4cl,COUPLES_VIA,C0022,couples_via,9,supported,consensus,biophysical,,v0-3-dose,v0,false,,,,,"{""premise"":""biological effects are mediated by the electric field""}"
device-side-dose-electrode-or-coil-configuration-0gn1ykj,the-electric-field-produced-in-tissue-0wnalwr,REQUIRED_FOR,C0023,required_for,9,supported,consensus,biophysical,,v0-3-dose,v0,false,,,,,"{""separation"":""the dose the operator controls, the field that results in tissue, and the physiological effect are kept apart"",""implication"":""2 mA or 120% of motor threshold is one entry in a parameter set, not the dose"",""reporting_principle"":""reproducibility""}"
transcranial-magnetic-stimulation-07yxleb,modelled-cortical-e-field-as-a-proposed-dosing-m-0sbocsy,MEASURED_BY,C0024,measured_by,15,supported,consensus,biophysical,human,v0-3-dose,v0,false,,,,,"{""proposal"":""calibrate TMS intensity to the modelled cortical E-field instead of the motor threshold"",""open_issues"":""simulation, target definition and cross-region thresholds"",""status"":""motor-threshold dosing remains the clinical norm""}"
vagus-nerve-stimulation-current-amplitude-and-pu-00ywrb1,locus-coeruleus-firing-rate-0stat3z,INCREASES,C0025,increases,140,supported,animal-interventional,cellular,rat,v0-3-dose,v0,false,,,,,"{""design"":""grid of VNS settings"",""effect"":""higher current and longer pulse widths increased firing rate""}"
vagus-nerve-stimulation-pulse-frequency-06xmyqm,timing-of-the-phasic-locus-coeruleus-burst-but-n-02nr1ey,MODULATES,C0026,modulates,140,supported,animal-interventional,cellular,rat,v0-3-dose,v0,false,,,,,"{""result"":""frequency shifted when the burst occurred; total activity unchanged""}"
pulse-locked-activity-in-the-trigeminal-control-1uxb16s,vagus-nerve-stimulation-0vbb301,CONFOUNDS,C0027,confounds,140,supported,animal-interventional,circuit,rat,v0-3-dose,v0,false,,,,,"{""threshold_current"":""1.2 mA""}"
pulsed-transcutaneous-auricular-vagus-nerve-stim-03dvj0n,pupil-diameter-01l3jgq,INCREASES,C0028,increases,146,contested,human-interventional,systemic,human,v0-3-dose,v0,false,,,H-tavns-engagement-p2,H-tavns-engagement,"{""analysis"":""living Bayesian meta-analysis of 18 studies"",""N"":""771"",""hedges_g"":""0.36"",""BF10"":""50.8"",""strength"":""strong evidence for an effect""}"
continuous-transcutaneous-auricular-vagus-nerve-1f9kcxj,pupil-diameter-null-result-0mr8fsz,MODULATES,C0029,modulates,146,contested,human-interventional,systemic,human,v0-3-dose,v0,false,,,H-tavns-engagement-p1,H-tavns-engagement,"{""hedges_g"":""0.002"",""BF01"":""21.9"",""strength"":""strong evidence for the null""}"
beta-band-local-field-potential-gated-subthalami-0enkhk3,blinded-motor-score-improvement-in-advanced-park-1k088ic,INCREASES,C0030,increases,135,supported,human-interventional,clinical,human,v0-3-dose,v0,false,,,,,"{""n"":""8 patients"",""motor_improvement"":""50%"",""advantage_over_continuous"":""about 27% better"",""stimulation_time_reduction"":""56%""}"
prefrontal-tms-or-transcranial-direct-current-st-1yh07qr,cortisol-response-to-a-laboratory-stressor-1chenc7,DECREASES,C0031,decreases,159,supported,human-interventional,systemic,human,v0-3-dose,v0,false,,,,,"{""analysis"":""meta-analysis of 16 randomised trials"",""population"":""healthy adults""}"
individualised-finite-element-e-field-modelling-0yoybs6,routine-tms-field-dosimetry-02d9d97,REQUIRED_FOR,C0032,required_for,10,supported,computational,biophysical,,v0-3-dose,v0,false,,,,,"{""barriers"":""model uncertainty; linking the calculated field to physiology; usability""}"
accurate-tissue-geometry-and-a-sufficiently-accu-1npkz22,reliable-calculated-electric-field-15nyicw,REQUIRED_FOR,C0033,required_for,11,supported,computational,biophysical,,v0-3-dose,v0,false,,,,,"{""validation"":""implementation checked against analytical solutions""}"
uncorrected-mri-artefacts-in-head-segmentation-0x0p865,local-modelled-electric-field-1gsof1p,CONFOUNDS,C0034,confounds,12,supported,computational,biophysical,,v0-3-dose,v0,false,,,,,"{""local_e_field_difference"":""above 30%"",""tissue_classes"":""15 (CHARM)"",""comparison"":""extra tissue classes improved estimates over five-tissue models""}"
roast-open-source-tes-modelling-pipeline-1h6mp45,other-modelling-software-and-human-intracranial-0slwfip,CORRELATES_WITH,C0035,correlates_with,13,supported,computational,biophysical,human,v0-3-dose,v0,false,,,,,"{""agreement"":""reported differences were small""}"
individual-finite-element-head-models-1gagvd8,intracranially-measured-cortical-and-depth-elect-0euycx7,CORRELATES_WITH,C0036,correlates_with,40,supported,human-interventional,biophysical,human,v0-3-dose,v0,false,,,,,"{""n"":""10 epilepsy patients with intracranial electrodes"",""r_cortical"":""0.86"",""r_depth"":""0.88"",""improvement"":""calibrating tissue conductivities""}"
transcranial-electrical-stimulation-0grzmgf,peak-electric-field-of-about-0-5-mv-mm-in-superf-0ucr6s9,COUPLES_VIA,C0037,couples_via,211,supported,human-interventional,biophysical,human;macaque,v0-3-dose,v0,false,,,,,"{""peak_field"":""about 0.5 mV/mm"",""method"":""direct intracranial recordings in nonhuman primates and epilepsy patients"",""frequency_and_region_dependence"":""little change""}"
species-difference-in-modelled-tes-field-across-0xcnk2r,transfer-of-an-animal-tes-dose-to-humans-17125tx,CONFOUNDS,C0038,confounds,212,supported,computational,biophysical,mouse;macaque;human,v0-3-dose,v0,false,,,,,"{""predicted_field_ratio"":""up to about 100-fold"",""requirement"":""animal doses do not transfer unless the fields are matched""}"
choice-of-e-field-outcome-measure-1s8b743,modelled-e-field-value-reported-at-a-target-0mk2y7o,CONFOUNDS,C0039,confounds,14,supported,computational,biophysical,human,v0-3-dose,v0,false,,,,,"{""studies_surveyed"":""202 tES and TMS studies"",""distinct_measures"":""308"",""volume_based"":""197"",""surface_based"":""111"",""models_run"":""1,000"",""participants"":""100"",""montages_and_coils"":""10"",""roi_vs_percentile_overlap"":""about 6% on average within a person"",""finding"":""measures gave different values, sampled different regions and did not always correlate strongly""}"
an-agreed-e-field-feature-and-extraction-rule-wi-1x6stue,an-e-field-dose-value-comparable-with-any-other-0e59few,REQUIRED_FOR,C0040,required_for,11;12;14,inferred,inferred,biophysical,,v0-3-dose,v0,true,,,,,
charge-density-and-charge-per-phase-acting-toget-0fkjltj,neural-injury-at-the-electrode-tissue-interface-0kdd2jt,INCREASES,C0041,increases,16,supported,animal-interventional,cellular,cat,v0-3-dose,v0,false,,,,,"{""preparation"":""cat cerebral cortex, platinum surface electrodes"",""electrode_area"":""0.002-0.5 cm2"",""duration"":""7 h"",""waveform"":""charge-balanced pulse pairs, 400 us per phase at 50 Hz"",""charge_density_range"":""about 10-800 uC/cm2"",""charge_per_phase_range"":""0.05-5 uC/phase"",""key_result"":""neither variable alone predicted damage""}"
the-shannon-log-linear-boundary-between-charge-p-1qgfk5w,safe-macroelectrode-stimulation-design-1gw6rzk,REQUIRED_FOR,C0042,required_for,17,contested,computational,cellular,cat,v0-3-dose,v0,false,,,H-charge-safety-p1,H-charge-safety,"{""basis"":""single model fitted to earlier tissue-damage data including McCreery's"",""use"":""widely used design rule for macroelectrode stimulation""}"
frequency-duty-cycle-current-density-and-electro-08x8ucl,a-valid-charge-injection-safety-limit-for-curren-0zseuvm,REQUIRED_FOR,C0043,required_for,16;18,contested,consensus,cellular,,v0-3-dose,v0,false,,,H-charge-safety-p2,H-charge-safety,"{""scope_objection"":""best-known source dataset was cat cortex, platinum electrodes and a single pulse regime"",""call"":""revised thresholds and new data""}"
microelectrode-geometry-0cso1oj,tissue-damage-at-a-given-charge-density-073nzbm,DECREASES,C0044,decreases,18,contested,consensus,cellular,,v0-3-dose,v0,false,,,H-charge-safety-p2,H-charge-safety,"{""observation"":""microelectrodes can deliver higher charge densities without damage""}"
the-full-ect-stimulus-parameter-set-pulse-amplit-0sdb47r,neurobiological-consequences-of-electroconvulsiv-1uc3uyh,MODULATES,C0045,modulates,261,supported,consensus,clinical,human,v0-3-dose,v0,false,,,,,"{""rejected_units"":""total charge and energy as inadequate summaries"",""conventional_units"":""total charge, energy and multiples of the seizure threshold"",""recommendation"":""devices should expose and display every parameter""}"
shorter-pulse-width-with-a-raised-pulse-count-0ob8zu5,ect-adverse-effects-with-efficacy-retained-0j3vd8t,DECREASES,C0046,decreases,261,supported,consensus,clinical,human,v0-3-dose,v0,false,,,,,
ultrabrief-right-unilateral-electroconvulsive-th-0ix5350,remission-in-depression-0k5wltb,INCREASES,C0047,increases,260,supported,human-interventional,clinical,human,v0-3-dose,v0,false,,,,,"{""design"":""randomised trial crossing electrode placement with pulse width"",""n"":""90 depressed patients"",""pulse_widths"":""ultrabrief 0.3 ms versus conventional 1.5 ms"",""remission_ultrabrief_right_unilateral"":""73%"",""remission_ultrabrief_bilateral"":""35%""}"
ultrabrief-right-unilateral-electroconvulsive-th-0ix5350,cognitive-side-effects-1wswxog,DECREASES,C0048,decreases,260,supported,human-interventional,clinical,human,v0-3-dose,v0,false,,,,,"{""extent"":""mildest on virtually every primary measure"",""reading"":""efficacy and cognitive burden depended jointly on where the current entered and how long each pulse lasted, not on delivered charge alone""}"
train-frequency-of-electroconvulsive-therapy-and-1o8vj7r,seizure-threshold-expressed-in-pulses-charge-and-0agtil8,MODULATES,C0049,modulates,226,supported,animal-interventional,systemic,macaque,v0-3-dose,v0,false,,,,,"{""n"":""4 rhesus macaques"",""ect_range"":""5-240 pulses per second, 230-565 mA"",""mst_range"":""5-100 pulses per second, 66-86% of maximum stimulator output"",""charge_minimising_frequency"":""near 16 pulses per second"",""near_equal_thresholds"":""10 and 25 pulses per second"",""low_frequency_tradeoff"":""more powerful seizures but more pulses in total"",""cross_modality"":""relationship comparable for electrical and magnetic modes"",""note"":""clinical ECT and MST frequencies sit well above this optimum""}"
magnetic-seizure-therapy-coils-1ay4536,an-electric-field-confined-largely-to-superficia-1ig36sr,COUPLES_VIA,C0050,couples_via,225,supported,computational,biophysical,,v0-3-dose,v0,false,,,,,"{""comparison"":""four ECT electrode configurations against three MST coils"",""method"":""finite-element simulation""}"
field-focality-of-magnetic-seizure-therapy-11kztj5,cognitive-side-effects-of-magnetic-seizure-thera-0fzg3fr,DECREASES,C0051,decreases,225,supported,computational,clinical,,v0-3-dose,v0,false,,,,,"{""status"":""proposed by the authors as the plausible basis; the simulation itself does not test it""}"
itrusst-reporting-consensus-for-low-intensity-tr-0sgkvsj,complete-reporting-of-transcranial-ultrasound-do-0ahqblf,REQUIRED_FOR,C0052,required_for,20,supported,consensus,clinical,,v0-3-dose,v0,false,,,,,"{""domains"":""transducer and drive system; drive settings; free-field acoustic parameters; pulse timing; in situ estimates of brain exposure; intensity parameters"",""separation"":""free-field output distinguished from estimated in situ brain exposure"",""status"":""expert consensus""}"
skull-density-ratio-1h1wsjx,peak-achieved-target-temperature-in-mr-guided-fo-19ru81r,CORRELATES_WITH,C0053,correlates_with,87,supported,human-observational,biophysical,human,v0-3-dose,v0,false,,,,,"{""n"":""25 patients"",""skull_density_ratio"":""positive correlation, p = 0.009"",""skull_volume"":""negative correlation, p = 0.023""}"
low-intensity-transcranial-ultrasound-at-a-mecha-1y9uvhc,mechanical-effect-risk-classed-as-non-significan-12orvn8,DECREASES,C0054,decreases,19,supported,consensus,biophysical,,v0-3-dose,v0,false,,,,,"{""mi_limit"":""1.9"",""status"":""expert consensus opinion, explicitly not a safety or regulatory limit"",""gap"":""more data needed to locate the threshold for significant risk""}"
thermal-safety-criteria-for-transcranial-ultraso-1tlsmqh,thermal-risk-assessment-of-transcranial-ultrasou-08eruv2,REQUIRED_FOR,C0055,required_for,19,supported,consensus,biophysical,,v0-3-dose,v0,false,,,,,"{""alternatives"":""three, offered as alternatives rather than one rule""}"
an-arbitrary-time-temperature-history-of-a-tissu-0irihhg,cem43-the-equivalent-exposure-time-at-43-degrees-1gfbpfs,MEASURED_BY,C0056,measured_by,85,supported,in-vitro,biophysical,,v0-3-dose,v0,false,,,,,"{""formula"":""CEM43 = sum of t_i * R^(43 - T_i)"",""R"":""takes different values above and below a break temperature"",""status"":""presented as a practical standard, not the only possible one""}"
mr-guided-focused-ultrasound-thalamotomy-at-abla-13wpdx0,hand-tremor-score-in-essential-tremor-1n5xbx8,DECREASES,C0057,decreases,86,supported,human-interventional,clinical,human,v0-3-dose,v0,false,,,,,"{""treated"":""18.1 to 9.6 at three months"",""sham"":""16.0 to 15.8""}"
duty-cycle-of-low-intensity-transcranial-ultraso-169cdw4,direction-of-human-tus-outcome-enhancement-versu-1e95r1l,MODULATES,C0058,modulates,79,contested,human-interventional,clinical,human,v0-3-dose,v0,false,,,H-tus-mechanism-p1,H-tus-mechanism,"{""review"":""systematic review of 32 human TUS studies, 37 experiments"",""p"":""0.046"",""caveat"":""authors call the results tentative and cite incomplete parameter reporting""}"
sonication-duration-of-low-intensity-transcrania-0h6rmjv,direction-of-human-tus-outcome-with-shorter-dura-0endl0n,MODULATES,C0059,modulates,79,contested,human-interventional,clinical,human,v0-3-dose,v0,false,,,H-tus-mechanism-p1,H-tus-mechanism,"{""p"":""0.04""}"
spatial-peak-pulse-average-intensity-isppa-alone-1qe5wtp,direction-of-human-tus-outcome-null-result-0ge0m0f,MODULATES,C0060,modulates,79,supported,human-interventional,clinical,human,v0-3-dose,v0,false,,,,,"{""p"":""0.256"",""result"":""no significant prediction of direction""}"
ramped-longer-lower-intensity-ultrasound-pulses-0fix85k,scalp-sensations-during-transcranial-ultrasound-1yzeb5r,DECREASES,C0061,decreases,78,supported,human-interventional,clinical,human,v0-3-dose,v0,false,,,,,"{""n"":""25"",""design"":""preregistered""}"
acoustic-pressure-set-as-a-fraction-of-the-measu-0u6hxpn,blood-brain-barrier-opening-with-no-detectable-d-1xnazya,REQUIRED_FOR,C0062,required_for,81,supported,animal-interventional,biophysical,rat,v0-3-dose,v0,false,,,,,"{""n"":""27 rats"",""frequency"":""551.5 kHz"",""burst_length"":""10 ms"",""pulse_repetition_frequency"":""2 Hz"",""mean_peak_pressure_for_opening"":""0.28 +/- 0.05 MPa"",""safe_scaling"":""50% of the emission threshold"",""detection"":""wideband hydrophone""}"
low-level-light-fluence-1fhw02h,biphasic-cellular-response-low-fluence-stimulati-0zuqie2,MODULATES,C0063,modulates,21,supported,in-vitro,cellular,,v0-3-dose,v0,false,,,,,"{""reported_quantities"":""wavelength; irradiance in mW/cm2; fluence in J/cm2"",""basis"":""mostly in vitro and peripheral data; review by proponents"",""attribution"":""field's mixed results attributed partly to difficult parameter choice""}"
near-infrared-light-from-commercial-transcranial-1181h7h,transmission-through-the-human-skull-03btebv,COUPLES_VIA,C0064,couples_via,22,contested,in-vitro,biophysical,human,v0-3-dose,v0,false,,,H-pbm-dose-p1,H-pbm-dose,"{""absorbed_or_scattered"":""more than 99%"",""max_transmittance_905nm_laser"":""0.31%"",""max_transmittance_810nm_led_helmet"":""0.71%""}"
light-intensity-transmitted-transcranially-by-cu-1px3a7i,direct-mitochondrial-stimulation-in-cortex-12sxvwy,REQUIRED_FOR,C0065,required_for,22,contested,in-vitro,subcellular,,v0-3-dose,v0,false,,,H-pbm-dose-p1,H-pbm-dose,"{""shortfall"":""mitochondrial stimulation appeared only at intensities 14-775 times above the maximum transmitted level"",""conclusion"":""any benefit is more likely indirect or placebo""}"
incident-near-infrared-light-at-810-and-1064-nm-165745x,photon-transport-delivering-up-to-about-15-of-in-0sm40hv,COUPLES_VIA,C0066,couples_via,23,contested,computational,biophysical,human,v0-3-dose,v0,false,,,H-pbm-dose-p2,H-pbm-dose,"{""wavelengths"":""810 and 1064 nm"",""transcranial_fraction"":""up to about 15% of incident energy"",""intranasal_fraction"":""about 1%"",""scaling"":""deposited energy linear with power density"",""status"":""preprint; one co-author affiliated with a PBM device company"",""comparability"":""a modelled fraction of deposited energy, not a measured transmittance""}"
higher-skin-melanin-1ntlzxn,energy-deposited-in-cortex-by-transcranial-near-1qn3l2z,DECREASES,C0067,decreases,23,supported,computational,biophysical,human,v0-3-dose,v0,false,,,,,"{""magnitude"":""substantial fall with higher skin melanin""}"
skin-pigmentation-as-a-dose-covariate-1bqcq29,transcranial-optical-dose-08jnwcp,CONFOUNDS,C0068,confounds,9;23,inferred,inferred,biophysical,,v0-3-dose,v0,true,,,,,"{""note"":""has no counterpart in the electrical reporting standards cited here""}"
plasma-exposure-summarised-as-auc-and-cmax-0lvo5zz,clinical-endpoints-through-exposure-response-ana-0bq39ya,CORRELATES_WITH,C0069,correlates_with,25,supported,consensus,clinical,human,v0-3-dose,v0,false,,,,,"{""status"":""plasma exposure is itself a proxy for concentration at the receptor""}"
diffusion-influx-and-efflux-at-the-blood-brain-b-0zrnwmp,brain-extracellular-fluid-drug-concentration-1cd64oy,GATES,C0070,gates,164,supported,computational,molecular,,v0-3-dose,v0,false,,,,,"{""estimation"":""usually estimated with physiologically based models tied to animal data, not measured""}"
intrathecal-baclofen-infusion-1fgg0mw,muscle-tone-in-spinal-spasticity-06nlzp1,DECREASES,C0071,decreases,163,supported,human-interventional,clinical,human,v0-3-dose,v0,false,,,,,"{""n"":""20 patients who had failed oral baclofen"",""responders"":""all patients"",""note"":""the molecule was the same; only the compartment changed""}"
convection-enhanced-delivery-infusion-volume-076m9dy,volume-of-distribution-in-tissue-0024z40,INCREASES,C0072,increases,160,supported,animal-interventional,molecular,,v0-3-dose,v0,false,,,,,"{""relationship"":""volume of distribution scaled linearly with infused volume""}"
brexanolone-1jby7tm,a-single-60-hour-intravenous-infusion-0hyeib5,DELIVERED_BY,C0073,delivered_by,180,supported,human-interventional,clinical,human,v0-3-dose,v0,false,,,,,
zuranolone-which-shares-brexanolone-s-target-pha-1j566z3,50-mg-orally-once-daily-for-14-days-0wq6tpv,DELIVERED_BY,C0074,delivered_by,181,supported,human-interventional,clinical,human,v0-3-dose,v0,false,,,,,
erratic-plasma-uptake-and-dose-to-dose-variabili-0resq9s,clinical-response-to-levodopa-in-parkinson-s-dis-1vbsm5c,CONFOUNDS,C0075,confounds,186,supported,consensus,clinical,human,v0-3-dose,v0,false,,,,,"{""extent"":""drives much of the clinical picture""}"
intravenous-ketamine-0-5-mg-kg-0zrtu7q,depressive-symptoms-in-treatment-resistant-depre-0p3tzrw,DECREASES,C0076,decreases,166,supported,human-interventional,clinical,human,v0-3-dose,v0,false,,,,,"{""dose"":""0.5 mg/kg intravenous"",""n"":""18 patients"",""onset"":""within 110 minutes"",""duration"":""persisted about one week"",""gap"":""nothing measured at the levels between exposure and outcome""}"
striatal-d2-receptor-occupancy-measured-with-11c-006xo4d,likelihood-of-clinical-response-extrapyramidal-s-00o6p2d,CORRELATES_WITH,C0077,correlates_with,26,contested,human-interventional,molecular,human,v0-3-dose,v0,false,,,H-d2-occupancy-p1,H-d2-occupancy,"{""n"":""22 first-episode patients with schizophrenia"",""doses"":""haloperidol 1.0 or 2.5 mg/day"",""duration"":""two weeks"",""occupancy_range"":""38% to 87%"",""response_threshold"":""about 65%"",""eps_threshold"":""about 72%"",""hyperprolactinaemia_threshold"":""about 78%""}"
a-receptor-occupancy-window-1mqxi27,therapeutic-effect-65-80-d2-occupancy-for-antips-0p4t1oh,REQUIRED_FOR,C0078,required_for,27,contested,consensus,molecular,human,v0-3-dose,v0,false,,,H-d2-occupancy-p1,H-d2-occupancy,"{""d2_window"":""65-80%"",""sert_window"":""70-80%""}"
d2-receptor-occupancy-above-roughly-75-85-by-ant-199e8gk,extrapyramidal-symptom-risk-11jf484,INCREASES,C0079,increases,28,contested,human-observational,clinical,human,v0-3-dose,v0,false,,,H-d2-occupancy-p2,H-d2-occupancy,"{""analysis"":""dose-response meta-analysis of 110 studies"",""participants"":""37,193"",""threshold"":""roughly 75-85% occupancy"",""shape"":""steep rise above threshold""}"
partial-agonists-such-as-aripiprazole-15t8xq9,extrapyramidal-symptom-risk-despite-high-d2-occu-1n34nv7,DECREASES,C0080,decreases,28,contested,human-observational,clinical,human,v0-3-dose,v0,false,,,H-d2-occupancy-p2,H-d2-occupancy,"{""implication"":""occupancy predicts effect only once the ligand's intrinsic efficacy is specified""}"
chemogenetic-dose-1i5vbu8,exposure-to-clozapine-a-metabolite-of-the-inject-1b479h2,MEASURED_BY,C0081,measured_by,29,supported,animal-interventional,molecular,rat;macaque,v0-3-dose,v0,false,,,,,"{""method"":""PET and pharmacology"",""finding"":""the dose was the exposure to a metabolite, not to the administered compound""}"
dose-stored-as-a-per-drive-class-parameter-set-e-16f3s23,a-dose-representation-adequate-to-any-drive-clas-09s2utb,REQUIRED_FOR,C0082,required_for,9;20;21;76;79;146;163;181;261,inferred,inferred,biophysical,,v0-3-dose,v0,true,,,,,"{""per_class"":""configuration, waveform and timing for electromagnetic drives including convulsive therapy; drive settings, pulse timing and envelope for acoustic drives; wavelength, irradiance and fluence for optical drives; amount, route and schedule for drugs""}"
nominal-and-effective-stimulus-stored-as-separat-1qtadz8,a-dose-record-that-distinguishes-free-field-from-19pqulw,REQUIRED_FOR,C0083,required_for,9;11;12;20;24;164,inferred,inferred,biophysical,,v0-3-dose,v0,true,,,,,"{""provenance"":""a modelled value carries its pipeline and segmentation""}"
a-named-summary-dose-metric-with-its-rule-scope-1q420sg,an-interpretable-summary-dose-value-with-a-missi-1ol643r,REQUIRED_FOR,C0084,required_for,2;14;17;18;19;28;79;85,inferred,inferred,biophysical,,v0-3-dose,v0,true,,,,,"{""instances"":""an E-field value names its outcome measure; a safety quantity names its rule and scope; a thermal value names CEM43 or the temperature criterion; an occupancy value names the ligand's intrinsic efficacy class""}"
the-second-spatial-difference-of-the-extracellul-1n1dp2v,axonal-membrane-depolarising-where-the-activatin-0g2nji4,POLARIZES,C0085,polarizes,33,supported,computational,biophysical,,v0-4-coupling-electromagnetic,v0,false,,,,,"{""model"":""chain of discrete compartments, nodes of Ranvier for myelinated fibres and arbitrary segments for unmyelinated ones"",""generality"":""both fibre types obey the same formal structure; the monopolar pattern generalises to other electrode layouts"",""status"":""a property of a cable model, not a measurement""}"
a-spatially-uniform-electric-field-which-gives-a-10t98tq,fibre-terminations-bends-and-points-where-the-fi-1jrv24u,POLARIZES,C0086,polarizes,33,supported,computational,biophysical,,v0-4-coupling-electromagnetic,v0,false,,,,,
focal-extracellular-electrical-stimulation-near-1tf3nm1,myelinated-axons-at-lower-current-than-cell-bodi-17n020a,ACTIVATES,C0087,activates,34,supported,animal-interventional,cellular,mammal,v0-4-coupling-electromagnetic,v0,false,,,,,"{""basis"":""compiled current-distance relations for the mammalian CNS"",""gap"":""equivalent data for other electrode types were lacking""}"
cathodal-current-0c99fd9,myelinated-fibres-at-lower-current-than-anodal-s-0nqeody,ACTIVATES,C0088,activates,34,supported,animal-interventional,cellular,mammal,v0-4-coupling-electromagnetic,v0,false,,,,,
strong-cathodal-current-1xewzos,action-potential-propagation-near-the-electrode-0xyj685,INHIBITS,C0089,inhibits,34,supported,animal-interventional,cellular,mammal,v0-4-coupling-electromagnetic,v0,false,,,,,
pulse-duration-indexed-by-chronaxie-02ne0l6,which-neural-element-is-excited-13l418z,CORRELATES_WITH,C0090,correlates_with,34,supported,animal-interventional,cellular,mammal,v0-4-coupling-electromagnetic,v0,false,,,,,"{""central_myelinated_axons"":""about 50-100 us"",""grey_matter_stimulation"":""200-700 us"",""reading"":""the difference leaves open what is being excited in grey matter""}"
lumbosacral-epidural-electrical-stimulation-05urliy,large-diameter-myelinated-dorsal-root-afferents-1ytp9dh,ACTIVATES,C0091,activates,61,supported,animal-interventional,cellular,rat,v0-4-coupling-electromagnetic,v0,false,,,,,"{""model"":""hybrid finite-element and biophysical model"",""not_recruited_directly"":""motoneurons and interneurons"",""validation"":""predictions about intensity and electrode position confirmed in rats"",""order"":""largest fibres first, the reverse of physiological recruitment""}"
an-optimised-charge-balanced-10-khz-stimulation-0ja3064,axonal-conduction-without-the-onset-burst-that-c-0kvakww,INHIBITS,C0092,inhibits,62,supported,computational,biophysical,,v0-4-coupling-electromagnetic,v0,false,,,,,"{""frequency"":""10 kHz"",""mechanism"":""sodium channels driven into inactivation by the closed-state path"",""status"":""the work is computational""}"
charge-transfer-across-the-electrode-tissue-inte-04esi5d,limits-on-charge-balance-and-electrode-material-0lzlmxw,GATES,C0093,gates,63,supported,consensus,biophysical,,v0-4-coupling-electromagnetic,v0,false,,,,,"{""note"":""at the electrode itself the constraint is not the field but charge transfer""}"
uniform-dc-electric-field-applied-parallel-to-th-0eatu2c,ca1-pyramidal-cell-somata-linearly-1fr8sna,POLARIZES,C0094,polarizes,36,supported,in-vitro,cellular,rat,v0-4-coupling-electromagnetic,v0,false,,,,,"{""preparation"":""rat hippocampal slices"",""field_range"":""below 40 mV/mm (40 V/m)"",""coupling_constant"":""about 0.12 mV per mV/mm"",""largest_polarisation"":""dendritic tips"",""time_constants"":""about 15-70 ms"",""threshold"":""no clear threshold; excitability modulated continuously""}"
uniform-dc-electric-field-parallel-to-the-somato-1q9w0v5,distal-apical-dendrite-with-sign-opposite-to-the-0wn9f18,POLARIZES,C0095,polarizes,36,supported,in-vitro,subcellular,rat,v0-4-coupling-electromagnetic,v0,false,,,,,"{""note"":""the field that depolarises the soma hyperpolarises the distal dendrite""}"
uniform-field-applied-perpendicular-to-the-somat-0ak0m7l,afferent-synaptic-responses-with-no-somatic-pola-0y50109,MODULATES,C0096,modulates,36,supported,in-vitro,cellular,rat,v0-4-coupling-electromagnetic,v0,false,,,,,"{""somatic_polarisation"":""none detected""}"
uniform-electric-fields-above-the-linear-polaris-112uvq9,spontaneous-firing-and-epileptiform-activity-wit-0xo8f8i,INCREASES,C0097,increases,36,supported,in-vitro,cellular,rat,v0-4-coupling-electromagnetic,v0,false,,,,,
uniform-electric-field-acting-on-reconstructed-m-18yurfi,layer-v-pyramidal-cells-the-most-sensitive-class-1mt2zo4,POLARIZES,C0098,polarizes,49,supported,in-vitro,cellular,rat,v0-4-coupling-electromagnetic,v0,false,,,,,"{""predictor"":""morphology predicts somatic subthreshold polarisation"",""suprathreshold"":""thresholds reflect both direct polarisation and network input"",""layer_comparison"":""lower in layers V/VI than in II/III"",""method"":""patch-clamp recordings in uniform fields""}"
uniform-field-stimulation-as-distinct-from-somat-1u81v5j,burst-firing-that-somatic-current-injection-did-1ynrvul,INCREASES,C0099,increases,49,supported,in-vitro,cellular,rat,v0-4-coupling-electromagnetic,v0,false,,,,,
somatic-polarisation-and-terminal-or-bend-polari-0tvltni,different-sensitivities-to-electrode-or-coil-ori-0hbu6kj,CORRELATES_WITH,C0100,correlates_with,33;36;49,inferred,inferred,biophysical,,v0-4-coupling-electromagnetic,v0,true,,,,,"{""somatic"":""proportional to field along the somato-dendritic axis, measured in rodent slices"",""terminal"":""predicted by cable analysis to dominate in a uniform field, where the second spatial derivative is non-zero""}"
an-imposed-extracellular-voltage-gradient-01e211z,firing-frequency-of-an-already-active-neuron-at-1i42nm8,MODULATES,C0101,modulates,35,supported,in-vitro,cellular,invertebrate,v0-4-coupling-electromagnetic,v0,false,,,,,
endogenous-electric-fields-during-physiological-0vm8100,field-amplitude-of-about-2-4-mv-mm-0tq9amr,CORRELATES_WITH,C0102,correlates_with,37,supported,animal-observational,circuit,ferret,v0-4-coupling-electromagnetic,v0,false,,,,,"{""amplitude"":""about 2-4 mV/mm""}"
applied-uniform-field-of-about-2-4-mv-mm-in-ferr-06bgyia,the-slow-cortical-oscillation-which-sped-up-regu-1k63bhi,MODULATES,C0103,modulates,37,supported,in-vitro,circuit,ferret,v0-4-coupling-electromagnetic,v0,false,,,,,"{""amplitude"":""2-4 mV/mm"",""closed_loop"":""positive feedback strengthened oscillatory structure, negative feedback weakened it"",""attribution"":""the large network effect was attributed to small simultaneous depolarisation of many neurons by network modelling, not by the recordings""}"
transcranial-electrical-stimulation-at-2-ma-at-t-1ff4x3j,a-measured-cortical-electric-field-of-about-0-8-0lzf4ew,COUPLES_VIA,C0104,couples_via,40,supported,human-interventional,biophysical,human,v0-4-coupling-electromagnetic,v0,false,,,,,"{""scalp_current"":""2 mA"",""measured_cortical_field"":""about 0.8 V/m"",""n"":""10 epilepsy patients with intracranial electrodes"",""note"":""lower than commonly assumed""}"
adding-white-matter-anisotropy-or-a-multi-layer-12av1zi,model-accuracy-against-intracranial-measurement-06lhpc9,CORRELATES_WITH,C0105,correlates_with,40,supported,human-interventional,biophysical,human,v0-4-coupling-electromagnetic,v0,false,,,,,"{""result"":""no accuracy gain, whereas calibrating tissue conductivities did improve accuracy""}"
scalp-soft-tissue-and-skull-1ai6b0h,the-fraction-of-scalp-applied-current-that-reach-19zs2v8,GATES,C0106,gates,50,supported,animal-interventional,biophysical,rat;human,v0-4-coupling-electromagnetic,v0,false,,,,,"{""shunted_fraction"":""about 75%""}"
tolerable-transcranial-scalp-currents-09s9si9,an-electric-field-of-about-0-1-1-v-m-in-the-huma-1fq82un,COUPLES_VIA,C0107,couples_via,48,supported,computational,biophysical,human,v0-4-coupling-electromagnetic,v0,false,,,,,"{""available_field"":""about 0.1-1 V/m"",""model"":""morphologically realistic layer-5 pyramidal cells""}"
an-applied-electric-field-of-about-1-mv-mm-0t0ifn7,spiking-and-subthreshold-membrane-activity-0qui5tu,MODULATES,C0108,modulates,50,contested,animal-interventional,cellular,rat,v0-4-coupling-electromagnetic,v0,false,,,H-tes-entrainment-p2,H-tes-entrainment,"{""minimum_field"":""about 1 mV/mm (1 V/m)"",""method"":""intracellular recording""}"
transcranial-alternating-current-stimulation-at-1p2yqau,eeg-alpha-activity-reliably-0bg44mf,MODULATES,C0109,modulates,50,contested,human-interventional,circuit,human,v0-4-coupling-electromagnetic,v0,false,,,H-tes-entrainment-p2,H-tes-entrainment,"{""current_required"":""about 4-6 mA"",""conclusion"":""conventional low-intensity tES is probably too weak for direct, immediate effects""}"
tms-coil-geometry-1gtmnqz,a-depth-focality-tradeoff-present-in-every-coil-0iyx3x2,CORRELATES_WITH,C0110,correlates_with,56,supported,computational,biophysical,,v0-4-coupling-electromagnetic,v0,false,,,,,"{""coils"":""50"",""model"":""spherical head"",""tangential_spread_figure_8"":""as small as 5 cm2"",""tangential_spread_circular"":""34 cm2"",""half_value_depth_range"":""0.9-3.5 cm"",""status"":""all values simulated""}"
low-intensity-transcranial-electrical-stimulatio-0i6bn8p,no-serious-tes-related-adverse-events-0os8hmt,CORRELATES_WITH,C0111,correlates_with,43,supported,human-observational,clinical,human,v0-4-coupling-electromagnetic,v0,false,,,,,"{""sessions"":""more than 300,000"",""period"":""2017 to 2025"",""supported_envelope"":""up to 4 mA for up to 60 min/day""}"
transcranial-magnetic-stimulation-with-conventio-17u5f57,low-seizure-risk-1cpggyh,CORRELATES_WITH,C0112,correlates_with,42,supported,consensus,clinical,human,v0-4-coupling-electromagnetic,v0,false,,,,,"{""source"":""IFCN-endorsed safety update""}"
the-tms-induced-time-varying-electric-field-14roos2,superficial-gyral-cortex-because-the-field-penet-1irp0jw,LOCATED_IN,C0113,located_in,41,supported,consensus,biophysical,human,v0-4-coupling-electromagnetic,v0,false,,,,,
transcranial-magnetic-stimulation-07yxleb,myelinated-axon-terminals-of-pyramidal-cells-and-1w7ppnd,ACTIVATES,C0114,activates,41,supported,consensus,cellular,human,v0-4-coupling-electromagnetic,v0,false,,,,,"{""spread"":""through local intracortical circuits and along white-matter projections, in a state-dependent way"",""note"":""the consensus separates measured from modelled evidence""}"
somatosensory-and-auditory-co-stimulation-by-tms-01q27ww,transcranial-magnetic-stimulation-07yxleb,CONFOUNDS,C0115,confounds,41,supported,consensus,clinical,human,v0-4-coupling-electromagnetic,v0,false,,,,,"{""magnitude"":""substantial; requires control""}"
tms-field-in-a-head-model-coupled-to-realistic-n-17ss81m,intracortical-axon-terminals-at-the-gyral-crown-1cxa46y,ACTIVATES,C0116,activates,57,supported,computational,cellular,human,v0-4-coupling-electromagnetic,v0,false,,,,,"{""field_versus_direction"":""field magnitude mattered more than direction"",""current_direction"":""changing it shifted activation sites in a waveform-dependent way"",""status"":""computational throughout""}"
tms-transcranial-electrical-stimulation-and-tdcs-1sh7sqj,different-excitatory-and-inhibitory-intracortica-1n8zjvx,ACTIVATES,C0117,activates,58,supported,human-interventional,circuit,human,v0-4-coupling-electromagnetic,v0,false,,,,,"{""method"":""human epidural recordings of descending corticospinal volleys"",""variability"":""large inter-individual variability""}"
theta-burst-stimulation-bursts-of-high-frequency-18f3aqg,human-motor-cortex-excitability-with-direction-s-04zi5pq,MODULATES,C0118,modulates,38,contested,human-interventional,circuit,human,v0-4-coupling-electromagnetic,v0,false,,,H-tbs-reproducibility-p1,H-tbs-reproducibility,"{""train_duration"":""20-190 s over human motor cortex"",""effect"":""lasting excitability changes""}"
late-i-wave-recruitment-indexed-by-the-latency-o-1ql3p3v,theta-burst-stimulation-after-effect-that-is-res-0170o6e,CORRELATES_WITH,C0119,correlates_with,59,contested,human-interventional,circuit,human,v0-4-coupling-electromagnetic,v0,false,,,H-tbs-reproducibility-p2,H-tbs-reproducibility,"{""n"":""56 healthy adults"",""spread"":""after-effects varied widely"",""attribution"":""which interneuron networks a pulse recruits, rather than plasticity capacity""}"
scalp-transcranial-alternating-current-stimulati-1oc1zsu,single-neuron-spike-timing-but-not-firing-rate-i-1mvqouo,MODULATES,C0120,modulates,51,contested,animal-interventional,cellular,macaque,v0-4-coupling-electromagnetic,v0,false,,,H-tes-entrainment-p1,H-tes-entrainment,"{""state"":""awake"",""structures"":""including deep structures""}"
transcranial-alternating-current-stimulation-at-1wk8frr,neocortical-single-unit-activity-as-dose-depende-0ll3q86,MODULATES,C0121,modulates,52,contested,animal-interventional,cellular,macaque,v0-4-coupling-electromagnetic,v0,false,,,H-tes-entrainment-p1,H-tes-entrainment,"{""dose_dependence"":""yes"",""response_patterns"":""increased burst firing; phase locking to the stimulus""}"
transcranial-alternating-current-stimulation-at-1b6gh06,frequency-specific-oscillatory-power-through-net-0w2yjoq,INCREASES,C0122,increases,53,contested,computational,circuit,ferret,v0-4-coupling-electromagnetic,v0,false,,,H-tes-entrainment-p1,H-tes-entrainment,"{""mechanism"":""hyperpolarising phase delays premature firing; depolarising phase synchronises population firing"",""basis"":""large-scale network simulations with supporting ferret recordings"",""largest_effect"":""when stimulation frequency matches the intrinsic rhythm""}"
transcranial-alternating-current-stimulation-1csl9x1,phase-locking-in-neurons-already-strongly-locked-053idqx,DECREASES,C0123,decreases,44,contested,animal-interventional,cellular,macaque,v0-4-coupling-electromagnetic,v0,false,,,H-tes-entrainment-p1,H-tes-entrainment,"{""state_dependence"":""weakly locked neurons were entrained; strongly locked neurons often reduced their locking"",""offered_as"":""a source of inconsistent human outcomes""}"
conventional-low-intensity-transcranial-electric-04xrz0e,cortical-neurons-directly-and-immediately-judged-15l9sx3,MODULATES,C0124,modulates,40;50,contested,animal-interventional,cellular,rat;human,v0-4-coupling-electromagnetic,v0,false,,,H-tes-entrainment-p2,H-tes-entrainment,"{""rat_threshold"":""about 1 V/m"",""human_measured_field_at_2_mA"":""about 0.8 V/m"",""human_current_needed_for_alpha"":""about 4-6 mA""}"
transcutaneous-peripheral-nerve-and-skin-co-stim-1viwhz8,transcranial-alternating-current-stimulation-1csl9x1,CONFOUNDS,C0125,confounds,54,contested,human-interventional,systemic,rat;human,v0-4-coupling-electromagnetic,v0,false,,,H-tes-entrainment-p2,H-tes-entrainment,"{""argument"":""cortical fields too weak for direct activation while skin fields are much stronger"",""evidence"":""anaesthetising the skin reduced tACS-induced tremor entrainment; peripheral nerve stimulation alone reproduced the motor effects""}"
transcranial-alternating-current-stimulation-wit-0nc6bco,neuronal-entrainment-in-hippocampus-and-visual-c-0e8m0hm,MODULATES,C0126,modulates,55,contested,animal-interventional,cellular,macaque,v0-4-coupling-electromagnetic,v0,false,,,H-tes-entrainment-p1,H-tes-entrainment,"{""design"":""lesion-style control in the same species as the positive evidence""}"
simultaneous-human-intracranial-recording-and-fi-1at5yu7,deciding-whether-low-intensity-tes-effects-are-c-06j734d,REQUIRED_FOR,C0127,required_for,40;48;50;54;55,inferred,inferred,cellular,,v0-4-coupling-electromagnetic,v0,true,,,,,"{""present_state"":""positive single-unit evidence in macaques; sceptical threshold from rat intracellular recording plus human EEG; the two joined only by field models""}"
temporal-interference-stimulation-two-kilohertz-1nx66go,a-low-frequency-amplitude-envelope-formed-where-0c5uo89,COUPLES_VIA,C0128,couples_via,39,contested,animal-interventional,biophysical,mouse,v0-4-coupling-electromagnetic,v0,false,,,H-ti-suprathreshold-p1,H-ti-suprathreshold,"{""validation"":""modelling and physical field measurements; neurons in anaesthetised mice followed the envelope"",""carriers"":""each too fast to drive neurons on its own"",""steering"":""motor responses steered by changing the current ratio""}"
temporal-interference-stimulation-0cpdw75,hippocampal-neurons-without-driving-the-overlyin-0kqpcyv,ACTIVATES,C0129,activates,39,contested,animal-interventional,circuit,mouse,v0-4-coupling-electromagnetic,v0,false,,,H-ti-suprathreshold-p1,H-ti-suprathreshold,
ion-channel-rectification-1maxih9,demodulation-of-the-temporal-interference-amplit-084653t,REQUIRED_FOR,C0130,required_for,60,contested,computational,biophysical,,v0-4-coupling-electromagnetic,v0,false,,,H-ti-suprathreshold-p2,H-ti-suprathreshold,"{""reason"":""the waveform's content is entirely high-frequency""}"
temporal-interference-at-intensities-that-activa-1wakqvu,superficial-tissue-through-predicted-tonic-firin-0titc4o,INHIBITS,C0131,inhibits,60,contested,computational,biophysical,,v0-4-coupling-electromagnetic,v0,false,,,H-ti-suprathreshold-p2,H-ti-suprathreshold,
suprathreshold-temporal-interference-in-morpholo-0wymjt2,action-potential-initiation-at-modelled-field-ma-1h5ajht,REQUIRED_FOR,C0132,required_for,48,contested,computational,biophysical,human,v0-4-coupling-electromagnetic,v0,false,,,H-ti-suprathreshold-p2,H-ti-suprathreshold,"{""ti_threshold"":""about 75-230 V/m"",""kilohertz_tacs"":""similar"",""low_frequency_tacs_threshold"":""about 17-47 V/m"",""conduction_block"":""above about 1,700 V/m"",""available_field"":""about 0.1-1 V/m"",""conclusion"":""suprathreshold human TI infeasible without anaesthesia"",""method_note"":""three-dimensional morphology matters in a way earlier one-dimensional analyses missed; none of the thresholds is a measurement""}"
subthreshold-temporal-interference-steered-to-th-1ozpqsc,hippocampal-fmri-activity-during-memory-encoding-0fv1yoz,MODULATES,C0133,modulates,45,contested,human-interventional,circuit,human,v0-4-coupling-electromagnetic,v0,false,,,H-ti-suprathreshold-p1,H-ti-suprathreshold,"{""focality_evidence"":""modelling and cadaver measurements, with less exposure of overlying cortex"",""measurement"":""neural effects measured in living participants""}"
subthreshold-temporal-interference-targeted-at-t-117utiy,episodic-memory-accuracy-in-healthy-volunteers-01pxynu,INCREASES,C0134,increases,45,contested,human-interventional,behavioural,human,v0-4-coupling-electromagnetic,v0,false,,,H-ti-suprathreshold-p1,H-ti-suprathreshold,
temporal-interference-tacs-04iluk4,single-neuron-spike-timing-but-not-firing-rate-a-0a2v56i,MODULATES,C0135,modulates,46,contested,animal-interventional,cellular,macaque,v0-4-coupling-electromagnetic,v0,false,,,H-ti-suprathreshold-p2,H-ti-suprathreshold,"{""potency"":""roughly 80% less potent than conventional tACS"",""causes"":""high carrier frequencies, multiple electrode pairs and amplitude modulation together"",""proposal"":""TI as a way of disrupting pathological rhythms rather than imposing new ones""}"
temporal-interference-stimulation-in-humans-1km915m,motor-cortex-basal-ganglia-and-hippocampus-with-1nw5lop,MODULATES,C0136,modulates,47,supported,human-interventional,clinical,human,v0-4-coupling-electromagnetic,v0,false,,,,,"{""search_date"":""to December 2024"",""records"":""48"",""completed_human_studies"":""20"",""ongoing_trials"":""28"",""participants"":""820"",""envelopes"":""mostly 20 Hz or gamma-range"",""tolerability"":""good"",""clinical_signals"":""small single-session reports of improved Parkinsonian tremor and bradykinesia""}"
orientation-neural-element-and-class-field-magni-0yn9h7y,a-well-formed-electromagnetic-coupling-edge-sinc-0i8vxnl,REQUIRED_FOR,C0137,required_for,33;34;35;36;40;44;48;49;56;57;58;61,inferred,inferred,biophysical,,v0-4-coupling-electromagnetic,v0,true,,,,,"{""orientation"":""the field component parallel to the somato-dendritic axis, because perpendicular fields do not polarise the soma"",""element_classes"":""myelinated axon versus soma, axon terminal at a gyral crown, large-diameter dorsal-root afferent, layer V versus layer II/III pyramidal cell"",""provenance"":""measured intracranially in humans, intracellularly in rats, or modelled"",""asymmetry"":""initiation and modulation have different thresholds and different state dependence""}"
a-coupling-edge-able-to-carry-rival-mechanisms-r-12dr7lu,representing-the-cortical-versus-peripheral-rout-1ajl3xl,REQUIRED_FOR,C0138,required_for,39;45;46;48;51;52;54;55;60,inferred,inferred,biophysical,,v0-4-coupling-electromagnetic,v0,true,,,,,
focused-ultrasound-momentum-transfer-1cnzj3l,acoustic-radiation-force-and-micron-scale-tissue-15kpou2,COUPLES_VIA,C0139,couples_via,66,supported,in-vitro,biophysical,salamander,v0-5-coupling-acoustic-optical-chemical,v0,false,,,,,"{""measurement"":""displacement imaged directly in isolated retina during sonication""}"
ultrasound-in-the-presence-of-gas-bodies-08g0s7y,bubble-oscillation-rather-than-absorption-which-1kisv5k,COUPLES_VIA,C0140,couples_via,80,supported,animal-interventional,biophysical,rabbit,v0-5-coupling-acoustic-optical-chemical,v0,false,,,,,
near-field-acoustic-particle-displacement-at-the-16gtx44,tactile-thermal-and-painful-sensations-produced-0zfpcrx,ACTIVATES,C0141,activates,78,supported,human-interventional,clinical,human,v0-5-coupling-acoustic-optical-chemical,v0,false,,,,,"{""n"":""25 participants"",""design"":""preregistered"",""rejected_alternative"":""acoustic radiation force""}"
skull-density-ratio-1h1wsjx,the-deliverable-acoustic-dose-in-mr-guided-focus-01kr2f9,GATES,C0142,gates,87,supported,human-observational,biophysical,human,v0-5-coupling-acoustic-optical-chemical,v0,false,,,,,"{""clinical_use"":""skull density ratio became a patient-selection criterion""}"
low-intensity-ultrasound-0txpkq5,intramembrane-cavitation-of-the-lipid-bilayer-as-0iitjy7,COUPLES_VIA,C0143,couples_via,65,contested,computational,biophysical,,v0-5-coupling-acoustic-optical-chemical,v0,false,,,H-tus-mechanism-p1,H-tus-mechanism,"{""chain"":""displacement currents through Hodgkin-Huxley-type conductances produce spiking"",""requirement"":""bilayer mechanics alone suffice, with no dedicated receptor"",""validation"":""reproduced previously published thresholds across pulsing regimes"",""status"":""a computational model, not a measurement""}"
duty-cycle-and-intensity-of-low-intensity-ultras-0lqeiow,excitation-against-suppression-as-predicted-by-t-1i4yozd,MODULATES,C0144,modulates,65,contested,computational,cellular,,v0-5-coupling-acoustic-optical-chemical,v0,false,,,H-tus-mechanism-p1,H-tus-mechanism,
focused-ultrasound-at-10-mhz-and-0-3-4-9-w-cm2-0vki245,trek-1-trek-2-traak-and-nav1-5-currents-0o6lh6p,GATES,C0145,gates,67,contested,in-vitro,molecular,Xenopus,v0-5-coupling-acoustic-optical-chemical,v0,false,,,H-tus-mechanism-p3,H-tus-mechanism,"{""preparation"":""Xenopus oocytes expressing candidate mechanosensitive channels"",""frequency"":""10 MHz"",""intensity"":""0.3-4.9 W/cm2"",""effect_size"":""reversible modulation up to about 23% on average"",""blockers"":""ranolazine for NaV1.5; barium for the two-pore-domain channels""}"
piezo1-in-motor-cortex-1hwlol2,ultrasound-evoked-calcium-responses-limb-movemen-0mx82c0,REQUIRED_FOR,C0146,required_for,68,contested,animal-interventional,molecular,mouse,v0-5-coupling-acoustic-optical-chemical,v0,false,,,H-tus-mechanism-p3,H-tus-mechanism,"{""manipulation"":""conditional Piezo1 knockout in motor cortex"",""preparations"":""ex vivo and in vivo"",""effect"":""sharply reduced responses""}"
piezo1-expression-level-0s34iif,regional-ultrasound-sensitivity-central-amygdala-1v0yigq,CORRELATES_WITH,C0147,correlates_with,68,contested,animal-interventional,circuit,mouse,v0-5-coupling-acoustic-optical-chemical,v0,false,,,H-tus-mechanism-p3,H-tus-mechanism,
low-intensity-low-frequency-ultrasound-0lk8a9i,astrocytic-trpa1-channels-1haqgb4,GATES,C0148,gates,69,contested,animal-interventional,molecular,mouse,v0-5-coupling-acoustic-optical-chemical,v0,false,,,H-tus-mechanism-p3,H-tus-mechanism,"{""cell_type"":""astrocyte rather than neuron""}"
astrocytic-calcium-entry-through-trpa1-11bloah,glutamate-through-best1-channels-0bqqn43,RELEASES,C0149,releases,69,contested,animal-interventional,molecular,mouse,v0-5-coupling-acoustic-optical-chemical,v0,false,,,H-tus-mechanism-p3,H-tus-mechanism,
astrocyte-released-glutamate-0hxbjfj,nmda-receptors-on-neighbouring-neurons-producing-0ivoemq,ACTIVATES,C0150,activates,69,contested,animal-interventional,cellular,mouse,v0-5-coupling-acoustic-optical-chemical,v0,false,,,H-tus-mechanism-p3,H-tus-mechanism,
astrocytic-piezo1-deletion-0b7uvsi,ultrasound-evoked-central-amygdala-response-null-03ssxep,MODULATES,C0151,modulates,68;69,contested,animal-interventional,cellular,mouse,v0-5-coupling-acoustic-optical-chemical,v0,false,,,H-tus-mechanism-p3,H-tus-mechanism,"{""result"":""null for the astrocytic manipulation; in tension with the glial transduction account""}"
ultrasound-at-0-8-mhz-and-0-20-mpa-1s8zjey,cftr-mediated-outward-current-in-hek293t-cells-1usqvyl,GATES,C0152,gates,70,contested,in-vitro,molecular,,v0-5-coupling-acoustic-optical-chemical,v0,false,,,H-tus-mechanism-p3,H-tus-mechanism,"{""frequency"":""0.8 MHz"",""pressure"":""0.20 MPa"",""blocker"":""GlyH-101"",""note"":""the repertoire is not confined to cation channels""}"
acoustic-radiation-force-165de6q,retinal-ganglion-cells-with-responses-stronger-a-0up94oi,ACTIVATES,C0153,activates,66,contested,in-vitro,cellular,salamander,v0-5-coupling-acoustic-optical-chemical,v0,false,,,H-tus-mechanism-p2,H-tus-mechanism,"{""preparation"":""ex vivo salamander retina"",""frequency_sweep"":""0.5 to 43 MHz"",""direction"":""stronger at higher frequencies, the opposite of cavitation-based predictions"",""exclusion"":""excludes cavitation in that preparation"",""model"":""a quantitative radiation-force model accounted for the responses""}"
standing-waves-set-by-transducer-to-array-distan-0a75dn6,the-effective-acoustic-stimulus-at-the-preparati-1hfqta3,CONFOUNDS,C0154,confounds,66,supported,in-vitro,biophysical,salamander,v0-5-coupling-acoustic-optical-chemical,v0,false,,,,,"{""observation"":""transducer-to-array distance mattered strongly""}"
ultrasound-heating-of-rat-ventral-posterolateral-13vgsv2,tibial-nerve-somatosensory-evoked-potentials-1kzbe3a,INHIBITS,C0155,inhibits,71,contested,animal-interventional,circuit,rat,v0-5-coupling-acoustic-optical-chemical,v0,false,,,H-tus-mechanism-p4,H-tus-mechanism,"{""scaled_with"":""spatial position and intensity"",""independent_of"":""duty cycle, peak pressure and modulation frequency"",""tracked"":""measured temperature change"",""histology"":""no damage"",""replication"":""heating delivered separately by an optical fibre reproduced the suppression""}"
auditory-pathway-activation-by-transcranial-ultr-0tps8y2,transcranial-ultrasound-stimulation-1cxxd04,CONFOUNDS,C0156,confounds,74,contested,animal-interventional,circuit,guinea pig,v0-5-coupling-acoustic-optical-chemical,v0,false,,,H-tus-confound-p1,H-tus-confound,"{""observation"":""widespread cortical and subcortical activation"",""controls"":""abolished by transecting the auditory nerves or removing cochlear fluid"",""conclusion"":""the response ascended through the auditory system rather than arising at the focus""}"
auditory-pathway-activation-16uj2ok,the-cortical-activation-pattern-attributed-to-th-17z69is,CONFOUNDS,C0157,confounds,75,contested,animal-interventional,circuit,mouse,v0-5-coupling-acoustic-optical-chemical,v0,false,,,H-tus-confound-p1,H-tus-confound,"{""method"":""wide-field calcium imaging"",""evidence"":""evoked pattern matched auditory pathway activation rather than the focus and resembled the response to audible sound"",""control"":""reduced by chemical deafening""}"
smoothed-ultrasound-pulse-envelope-1g6k2od,auditory-pathway-activation-while-leaving-the-mo-06222au,DECREASES,C0158,decreases,76,contested,animal-interventional,circuit,mouse,v0-5-coupling-acoustic-optical-chemical,v0,false,,,H-tus-confound-p2,H-tus-confound,"{""comparison"":""rectangular pulses with sharp rising edges activated the auditory pathway"",""controls"":""normal-hearing and genetically deaf mice responded identically"",""locus"":""the culprit is the envelope""}"
peripheral-auditory-stimulation-by-transcranial-0d6fpmg,ultrasound-induced-motor-inhibition-indexed-by-t-0qavx59,CONFOUNDS,C0159,confounds,77,contested,human-interventional,clinical,human,v0-5-coupling-acoustic-optical-chemical,v0,false,,,H-tus-confound-p1,H-tus-confound,"{""experiments"":""four at three institutions, one preregistered"",""pulse_repetition"":""1000 Hz"",""manipulations"":""intensity, duration and auditory masking"",""replication"":""the reported motor inhibition itself replicated"",""implication"":""prior work using only flip-over sham must be reinterpreted""}"
a-study-identifying-the-ultrasound-transducer-in-0cfprlr,deciding-among-the-four-rival-accounts-of-low-in-072ij63,REQUIRED_FOR,C0160,required_for,65;66;67;68;71;77;79,inferred,inferred,biophysical,,v0-5-coupling-acoustic-optical-chemical,v0,true,,,,,"{""strongest_evidence_by_preparation"":""a model for intramembrane cavitation; heterologous expression and knockout for channels; ex vivo retina for radiation force; rat thalamus for heating"",""corpus_gap"":""no study in the corpus identifies the transducer in human tissue"",""precondition"":""until confound controls are standard, human parameter-outcome aggregation cannot settle it""}"
focused-ultrasound-with-an-injected-ultrasound-c-1b80nz9,blood-brain-barrier-permeability-at-the-targeted-1xd5u6s,INCREASES,C0161,increases,80,supported,animal-interventional,systemic,rabbit,v0-5-coupling-acoustic-optical-chemical,v0,false,,,,,"{""n"":""18 rabbit brains, four to six locations each"",""temporal_peak_acoustic_power"":""0.2 to 11.5 W"",""lowest_powers"":""opened the barrier without damaging neurons"",""imaging"":""contrast-enhanced MR tracked the opening""}"
microbubble-oscillation-17nkkc2,the-vascular-endothelium-rather-than-the-neuron-0xv8zxg,LOCATED_IN,C0162,located_in,80,supported,animal-interventional,cellular,rabbit,v0-5-coupling-acoustic-optical-chemical,v0,false,,,,,"{""consequence"":""the coupling target is the endothelium""}"
acoustic-pressure-above-50-of-the-measured-ultra-1m5ntrl,gross-tissue-damage-0rkfvcj,INCREASES,C0163,increases,81,supported,animal-interventional,cellular,rat,v0-5-coupling-acoustic-optical-chemical,v0,false,,,,,"{""locations"":""86 across 27 rats"",""frequency"":""551.5 kHz"",""safe_scaling"":""50% of threshold opened the barrier with no detectable damage"",""detection"":""wideband hydrophone feedback""}"
mr-guided-focused-ultrasound-with-microbubbles-i-10bxp9g,safe-reversible-and-repeatable-blood-brain-barri-06kkjaz,INCREASES,C0164,increases,82,supported,human-interventional,clinical,human,v0-5-coupling-acoustic-optical-chemical,v0,false,,,,,"{""phase"":""phase I"",""n"":""5 patients"",""safety"":""no serious clinical or radiographic adverse events at three months""}"
mr-guided-focused-ultrasound-blood-brain-barrier-132xvo4,amyloid-burden-on-florbetaben-pet-null-no-group-1fzsg6u,MODULATES,C0165,modulates,82,supported,human-interventional,clinical,human,v0-5-coupling-acoustic-optical-chemical,v0,false,,,,,"{""result"":""null"",""endpoint_status"":""exploratory"",""timepoint"":""three months"",""reading"":""the barrier opens, and nothing measured changed""}"
pulsed-focused-ultrasound-with-systemic-microbub-0m0zk9f,damage-associated-molecular-patterns-and-a-paren-0c1m376,INCREASES,C0166,increases,83,contested,animal-interventional,molecular,rat,v0-5-coupling-acoustic-optical-chemical,v0,false,,,H-fus-bbb-inflammation-p1,H-fus-bbb-inflammation,"{""onset"":""immediate"",""duration"":""about 24 hours"",""comparison"":""profile compared to ischaemia or mild traumatic brain injury""}"
clinical-imaging-microbubble-dose-during-sonicat-17f81qi,nf-kb-pathway-gene-expression-null-no-significan-0d79sxp,MODULATES,C0167,modulates,84,contested,animal-interventional,molecular,rat,v0-5-coupling-acoustic-optical-chemical,v0,false,,,H-fus-bbb-inflammation-p2,H-fus-bbb-inflammation,"{""design"":""three sonication protocols at different microbubble doses"",""timepoints"":""6 hours and 4 days"",""result"":""null at clinical imaging doses""}"
high-microbubble-dose-during-sonication-1julm3r,nf-kb-pathway-with-oedema-neuronal-degeneration-1rkgq1y,ACTIVATES,C0168,activates,84,contested,animal-interventional,molecular,rat,v0-5-coupling-acoustic-optical-chemical,v0,false,,,H-fus-bbb-inflammation-p2,H-fus-bbb-inflammation,"{""position"":""inflammation is a function of microbubble dose and exposure, and can be engineered away""}"
independent-variation-of-microbubble-dose-and-ba-1cra4r9,deciding-whether-barrier-opening-is-itself-a-wou-0y28qxu,REQUIRED_FOR,C0169,required_for,83;84,inferred,inferred,molecular,,v0-5-coupling-acoustic-optical-chemical,v0,true,,,,,
mri-guided-focused-ultrasound-thalamotomy-14o6ou0,gait-disturbance-and-paraesthesias-or-numbness-i-1q47zfu,INCREASES,C0170,increases,86,supported,human-interventional,clinical,human,v0-5-coupling-acoustic-optical-chemical,v0,false,,,,,"{""gait_disturbance"":""36%"",""paraesthesias_or_numbness"":""38%""}"
acoustic-thermal-dose-1w0nveb,whether-acoustic-coupling-is-reversible-modulati-05679pv,GATES,C0171,gates,85;86,inferred,inferred,biophysical,,v0-5-coupling-acoustic-optical-chemical,v0,true,,,,,"{""note"":""dose, not modality, decides""}"
temperature-measurement-in-human-ultrasound-prot-0kr5mc4,deciding-between-the-thermal-and-the-mechanical-1c7mqdo,REQUIRED_FOR,C0172,required_for,71;79,inferred,inferred,biophysical,,v0-5-coupling-acoustic-optical-chemical,v0,true,,,,,"{""asymmetry"":""the thermal account rests on a parameter dissociation in rat; the mechanical account on a parameter association in humans that its own authors call labile"",""gap"":""neither side reports the other's key quantity""}"
670-nm-led-light-0dkdce9,cytochrome-c-oxidase-activity-blocked-by-potassi-1skfl0y,INCREASES,C0173,increases,88,supported,in-vitro,molecular,,v0-5-coupling-acoustic-optical-chemical,v0,false,,,,,"{""preparation"":""primary neuron cultures"",""cyanide"":""10-100 uM"",""restoration"":""partial"",""wavelength"":""670 nm""}"
670-nm-led-light-0dkdce9,neuronal-cell-death-under-potassium-cyanide-14di335,DECREASES,C0174,decreases,88,supported,in-vitro,cellular,,v0-5-coupling-acoustic-optical-chemical,v0,false,,,,,"{""cell_death"":""from 83.6% to 43.5%"",""cyanide"":""300 uM"",""failure"":""protection failed at millimolar concentrations""}"
action-spectrum-of-photobiomodulation-efficacy-a-0rmngr3,absorption-spectrum-of-oxidised-cytochrome-c-oxi-1lee17g,CORRELATES_WITH,C0175,correlates_with,88,supported,in-vitro,molecular,,v0-5-coupling-acoustic-optical-chemical,v0,false,,,,,"{""effective"":""830 and 670 nm"",""ineffective"":""728 nm"",""role"":""identifies the photoacceptor""}"
nitric-oxide-donors-given-before-irradiation-0fhk78s,the-action-spectrum-for-light-induced-cell-attac-00jltyj,MODULATES,C0176,modulates,89,supported,in-vitro,molecular,,v0-5-coupling-acoustic-optical-chemical,v0,false,,,,,"{""cells"":""HeLa"",""wavelengths"":""600-860 nm"",""baseline"":""the attachment action spectrum matched the same photoacceptor"",""effect"":""nitric oxide donors shifted it""}"
the-cytochrome-c-oxidase-photoacceptor-mechanism-13b0v94,a-demonstrated-coupling-event-at-the-human-corti-1olzrhn,REQUIRED_FOR,C0177,required_for,22;88,inferred,inferred,biophysical,,v0-5-coupling-acoustic-optical-chemical,v0,true,,,,,"{""note"":""the volume's cleanest case of a mechanism established at the cell failing to establish a coupling event at the target""}"
channelrhodopsin-2-a-light-gated-cation-channel-1qzuzxx,millisecond-timescale-spiking-and-excitatory-and-08amblb,GATES,C0178,gates,90,supported,in-vitro,cellular,,v0-5-coupling-acoustic-optical-chemical,v0,false,,,,,"{""delivery"":""lentivirus into cultured mammalian neurons"",""requirement"":""a single gene and no exogenous cofactor"",""specificity"":""comes from the expressed actuator; the physical stimulus only has to arrive""}"
misexpressed-mechanotransduction-subunit-trp-4-1xkzyrl,ultrasound-responsiveness-of-the-chosen-neurons-1ab3fmj,REQUIRED_FOR,C0179,required_for,72,supported,animal-interventional,cellular,C. elegans,v0-5-coupling-acoustic-optical-chemical,v0,false,,,,,"{""baseline"":""wild-type C. elegans is insensitive to low-pressure ultrasound""}"
gas-filled-microbubbles-1l1c64w,transduction-of-low-pressure-ultrasound-in-c-ele-1s85lmm,REQUIRED_FOR,C0180,required_for,72,supported,animal-interventional,biophysical,C. elegans,v0-5-coupling-acoustic-optical-chemical,v0,false,,,,,
human-trpa1-expressed-unilaterally-in-mouse-laye-0rcbegw,ultrasound-evoked-c-fos-induction-and-contralate-0zmranl,REQUIRED_FOR,C0181,required_for,73,supported,animal-interventional,cellular,mouse,v0-5-coupling-acoustic-optical-chemical,v0,false,,,,,"{""role"":""hsTRPA1 served as the sensitising actuator in mammalian cells""}"
the-n-terminal-tip-region-cholesterol-interactio-017h5iq,ultrasound-gating-of-human-trpa1-1n71arg,REQUIRED_FOR,C0182,required_for,73,supported,in-vitro,subcellular,,v0-5-coupling-acoustic-optical-chemical,v0,false,,,,,"{""lesson"":""even an installed channel's sensitivity belongs to its cellular context rather than to the pore""}"
an-installed-transducer-of-known-identity-kineti-1hzu7mv,attributing-a-negative-result-to-delivery-rather-0jzms4c,REQUIRED_FOR,C0183,required_for,65;66;71;72;73;90,inferred,inferred,biophysical,,v0-5-coupling-acoustic-optical-chemical,v0,true,,,,,"{""contrast"":""the inference the endogenous cases cannot make""}"
intrinsic-efficacy-and-agonist-selective-recepto-1tiajiv,predicting-a-functional-response-from-receptor-o-18ym4bw,REQUIRED_FOR,C0184,required_for,91,supported,consensus,molecular,,v0-5-coupling-acoustic-optical-chemical,v0,false,,,,,"{""vocabulary"":""affinity and occupancy, the operational model, the extended ternary complex model, allosteric and ligand-selective active-state mechanisms""}"
pregnane-steroids-1latc3y,gaba-a-receptor-function-by-a-direct-non-genomic-1fd4hfn,MODULATES,C0185,modulates,179,supported,in-vitro,molecular,,v0-5-coupling-acoustic-optical-chemical,v0,false,,,,,"{""note"":""a drive can be a change in a transfer function rather than an input""}"
pregnane-steroids-1latc3y,the-circulation-as-a-systemic-messenger-or-local-0q3up8x,DELIVERED_BY,C0186,delivered_by,179,supported,consensus,systemic,,v0-5-coupling-acoustic-optical-chemical,v0,false,,,,,"{""consequence"":""one molecule can be a systemic or a local drive""}"
intracellular-rather-than-cell-surface-5-ht2a-re-0oyuupw,psychedelic-induced-cortical-plasticity-1wk671u,REQUIRED_FOR,C0187,required_for,92,supported,animal-interventional,subcellular,mouse,v0-5-coupling-acoustic-optical-chemical,v0,false,,,,,"{""preparations"":""rodent and in vitro""}"
serotonin-which-is-membrane-impermeant-0bac3gd,psychedelic-type-cortical-plasticity-null-despit-190tquh,MODULATES,C0188,modulates,92,supported,in-vitro,subcellular,,v0-5-coupling-acoustic-optical-chemical,v0,false,,,,,"{""result"":""null"",""explanation"":""it does not reach the intracellular receptor compartment""}"
5-ht2a-receptors-0ucpze3,apical-dendrites-of-layer-v-neocortical-pyramida-19kpa0n,LOCATED_IN,C0189,located_in,172,supported,consensus,subcellular,,v0-5-coupling-acoustic-optical-chemical,v0,false,,,,,
general-anaesthetics-13smwkz,sites-inside-ion-channels-and-within-the-plasma-0jbqm5f,BINDS,C0190,binds,184,supported,consensus,molecular,,v0-5-coupling-acoustic-optical-chemical,v0,false,,,,,"{""parallel"":""the pharmacological parallel of membrane-level accounts of acoustic coupling""}"
designer-receptors-produced-by-directed-evolutio-0gt1cdr,clozapine-n-oxide-and-not-acetylcholine-1q09dh5,BINDS,C0191,binds,93,contested,in-vitro,molecular,,v0-5-coupling-acoustic-optical-chemical,v0,false,,,H-dreadd-actuator-p1,H-dreadd-actuator,"{""design_premise"":""clozapine-N-oxide supposed inert""}"
a-gi-coupled-designer-receptor-expressed-in-hipp-1gz6i4q,neuronal-firing-by-hyperpolarisation-18t366a,INHIBITS,C0192,inhibits,93,supported,in-vitro,cellular,mouse,v0-5-coupling-acoustic-optical-chemical,v0,false,,,,,
systemically-injected-clozapine-n-oxide-1tl90mo,designer-receptors-with-low-affinity-and-without-0q8dntp,BINDS,C0193,binds,29,contested,animal-interventional,molecular,rat;macaque,v0-5-coupling-acoustic-optical-chemical,v0,false,,,H-dreadd-actuator-p2,H-dreadd-actuator,"{""method"":""PET and pharmacology in rodent and rhesus macaque"",""result"":""negative for brain entry""}"
clozapine-converted-in-vivo-from-clozapine-n-oxi-1g82rwp,designer-receptors-in-the-brain-0pn0hln,BINDS,C0194,binds,29,contested,animal-interventional,molecular,rat;macaque,v0-5-coupling-acoustic-optical-chemical,v0,false,,,H-dreadd-actuator-p2,H-dreadd-actuator,"{""corroboration"":""subthreshold clozapine doses preferentially produced the designer-receptor behaviour"",""conclusion"":""the nominal ligand was not the acting one""}"
magneto-a-fusion-of-the-cation-channel-trpv4-to-17y26s6,neuronal-activity-and-behaviour-under-an-applied-0n5zwna,GATES,C0195,gates,95,contested,animal-interventional,cellular,zebrafish;mouse,v0-5-coupling-acoustic-optical-chemical,v0,false,,,H-magnetogenetics-p1,H-magnetogenetics,"{""read_outs"":""calcium imaging, brain-slice and in vivo electrophysiology, and behaviour""}"
paramagnetic-ferritin-1eaho3w,magnetic-gating-of-a-fused-ion-channel-which-the-1ix76f1,REQUIRED_FOR,C0196,required_for,94,contested,computational,biophysical,,v0-5-coupling-acoustic-optical-chemical,v0,false,,,H-magnetogenetics-p2,H-magnetogenetics,"{""shortfall"":""roughly five to ten orders of magnitude"",""implication"":""if the reported phenomena are real they must have another cause"",""exemption"":""magnetothermal nanoparticle heating is not subject to the objection"",""asymmetry"":""one side reports measured effects, the other a calculation that no version of the mechanism can produce them""}"
the-transducer-as-a-node-carrying-a-cell-type-a-06aq2tj,a-coupling-representation-in-which-cytochrome-c-0felbq5,REQUIRED_FOR,C0197,required_for,65;68;69;70;73;80;88;90;91,inferred,inferred,biophysical,,v0-5-coupling-acoustic-optical-chemical,v0,true,,,,,
receptor-compartment-as-an-attribute-of-the-coup-1e1g46t,distinguishing-the-effect-of-the-same-agonist-at-12qgnm8,REQUIRED_FOR,C0198,required_for,92,inferred,inferred,subcellular,,v0-5-coupling-acoustic-optical-chemical,v0,true,,,,,
nominal-and-effective-stimulus-as-separable-node-1ecmjmt,representing-the-auditory-transient-beside-the-w-17ih59e,REQUIRED_FOR,C0199,required_for,22;29;74;77,inferred,inferred,biophysical,,v0-5-coupling-acoustic-optical-chemical,v0,true,,,,,"{""note"":""a graph storing only the operator's setting cannot represent these disputes""}"
brief-tetanic-stimulation-of-the-perforant-path-008b3dx,dentate-gyrus-population-epsp-amplitude-1rv7394,INCREASES,C0200,increases,96,supported,animal-interventional,cellular,rabbit,v0-6-cellular-responses,v0,false,,,,,"{""preparation"":""anaesthetized rabbit, in vivo, electrode on an identified fibre tract"",""induction"":""brief tetanic stimulation, seconds"",""readout"":""dentate field population EPSP amplitude and latency"",""effect"":""enlarged population EPSP, shortened latency"",""persistence"":""hours to days""}"
threshold-set-by-time-averaged-postsynaptic-acti-045unym,size-and-direction-of-a-synaptic-modification-1vya80x,MODULATES,C0201,modulates,97,supported,computational,cellular,n/a,v0-6-cellular-responses,v0,false,,,,,"{""form"":""mathematical learning rule, threshold slides with time-averaged activity; input patterns compete rather than converging fibres"",""supporting_evidence"":""simulations reproduced orientation tuning and ocular-dominance patterns from cats and monkeys reared normally and in altered visual environments"",""limit"":""the sliding threshold is a theoretical construct fitted to developmental data, not a quantity measured at a synapse""}"
earlier-synaptic-activity-metaplasticity-0y1z7m3,capacity-of-a-synapse-for-later-ltp-or-ltd-06rml8g,MODULATES,C0202,modulates,98,supported,consensus,cellular,n/a,v0-6-cellular-responses,v0,false,,,,,"{""definition"":""prior activity changes the capacity for later plasticity without necessarily changing present synaptic strength"",""proposed_substrate"":""changes in NMDA receptors could account for some instances, other mechanisms probably contribute"",""graph_note"":""a change in a threshold, not a change in a weight""}"
blockade-of-overall-network-activity-in-dissocia-12xdeil,quantal-mepsc-amplitude-across-all-synapses-1jo0bk1,INCREASES,C0203,increases,99,supported,in-vitro,cellular,rat,v0-6-cellular-responses,v0,false,,,,,"{""preparation"":""dissociated rat neocortical culture"",""activity_blockade"":""increased mEPSC amplitude at all synapses"",""gaba_a_blockade"":""raised firing, then firing returned toward baseline as amplitudes shrank"",""form"":""multiplicative, so relative weights preserved while firing rate stabilised"",""relation"":""separate mechanism from Hebbian plasticity""}"
species-and-delivery-gap-in-the-imported-plastic-158cl0g,ltp-like-plasticity-attributed-to-non-invasive-h-0w1d1pf,CONFOUNDS,C0204,confounds,96;97;98;99,inferred,inferred,cellular,n/a,v0-6-cellular-responses,v0,true,,,,,"{""preparations"":""in vivo rabbit hippocampus, a simulation fitted to visual development, a review-level abstraction, rat cortical culture"",""gap"":""none established in an intact awake human and none with a non-invasive drive""}"
paired-associative-stimulation-median-nerve-stim-1ghiqw9,motor-evoked-potential-amplitude-in-the-target-m-0uwmb8r,INCREASES,C0205,increases,100,supported,human-interventional,cellular,human,v0-6-cellular-responses,v0,false,,,,,"{""pairing"":""fixed interstimulus interval"",""population"":""healthy volunteers"",""onset"":""within 30 min"",""persistence"":""at least 30-60 min"",""specificity"":""restricted to the targeted representation"",""co_readout"":""silent periods increased"",""authors_reading"":""associative, LTP-like plasticity""}"
theta-burst-transcranial-magnetic-stimulation-1e5xgro,motor-cortical-excitability-after-stimulation-en-1swuk5h,MODULATES,C0206,modulates,38,supported,human-interventional,cellular,human,v0-6-cellular-responses,v0,false,,,,,"{""drive"":""bursts of high-frequency TMS pulses repeated at a theta rhythm over human motor cortex"",""exposure"":""20-190 s"",""direction"":""set by continuous versus intermittent pattern"",""comparison"":""earlier repetitive TMS protocols rarely outlasted about 30 minutes""}"
transcranial-direct-current-stimulation-of-motor-10pdgqk,motor-cortical-excitability-polarity-specific-af-067bqbe,MODULATES,C0207,modulates,101,supported,human-interventional,cellular,human,v0-6-cellular-responses,v0,false,,,,,"{""anodal"":""raises motor cortical excitability"",""cathodal"":""lowers motor cortical excitability"",""reading"":""the human after-effect is read as polarity-specific""}"
direct-current-applied-during-ltp-or-ltd-inducti-1ib4u3i,magnitude-of-the-resulting-synaptic-plasticity-1fzc83p,MODULATES,C0208,modulates,106,supported,in-vitro,cellular,rat,v0-6-cellular-responses,v0,false,,,,,"{""preparation"":""rat hippocampal slice"",""dependence"":""polarity and dendritic compartment"",""requirements"":""concurrent synaptic activity and NMDA receptors"",""authors_conclusion"":""direct current modulates plasticity rather than inducing it""}"
clinical-intermittent-theta-burst-protocol-itbs6-1i1ivfp,excitatory-synaptic-strength-with-dendritic-spin-0wf4cye,INCREASES,C0209,increases,114,supported,in-vitro,cellular,mouse,v0-6-cellular-responses,v0,false,,,,,"{""preparation"":""mouse organotypic slice culture"",""readout"":""LTP of excitatory synapses plus spine remodelling"",""persistence"":""24 h"",""network"":""overall network activity stayed stable""}"
intervening-spinal-segment-and-muscle-in-the-cor-0aeml70,motor-evoked-potential-as-an-index-of-synaptic-c-1kez5r7,CONFOUNDS,C0210,confounds,38;100,inferred,inferred,cellular,human,v0-6-cellular-responses,v0,true,,,,,"{""what_ltp_like_claims"":""effect follows patterned input, outlasts it, and its sign depends on the pattern"",""what_it_does_not_claim"":""a measured synaptic change"",""note"":""the slice work that does measure synapses uses a different preparation""}"
stimulation-induced-ltp-like-and-ltd-like-plasti-19gqrlv,pharmaco-tms-emg-drug-challenge-1a6uvko,MEASURED_BY,C0211,measured_by,189,supported,consensus,cellular,human,v0-6-cellular-responses,v0,false,,,,,"{""framing"":""mapping of drug effects onto TMS-evoked muscle responses; drug challenge is the way to dissect the mechanisms of stimulation-induced plasticity"",""consequence"":""a drug-plus-device study is a measurement instrument before it is a treatment""}"
nmda-receptor-07wq0nr,theta-burst-stimulation-after-effect-on-mep-ampl-00ejymn,REQUIRED_FOR,C0212,required_for,105,supported,human-interventional,molecular,human,v0-6-cellular-responses,v0,false,,,,,"{""antagonist"":""memantine"",""design"":""placebo-controlled"",""n"":""6 participants"",""ctbs"":""MEP suppression abolished"",""itbs"":""facilitation abolished"",""motor_threshold"":""unchanged"",""limit"":""establishes that the after-effect needs NMDA receptors somewhere in the measured pathway, not where""}"
bdnf-val66met-polymorphism-0vo601t,response-to-tms-and-tdcs-based-plasticity-protoc-14dzb12,MODULATES,C0213,modulates,111,supported,human-observational,molecular,human,v0-6-cellular-responses,v0,false,,,,,"{""contrast"":""Met allele carriers responded differently from Val66Val homozygotes across several protocols"",""replication"":""inconsistent"",""corpus_gap"":""no pooled analysis of the BDNF genotype effect on stimulation response in this corpus""}"
bdnf-secretion-and-trkb-activation-19zb0wf,long-lasting-potentiation-from-anodal-direct-cur-078cs6k,REQUIRED_FOR,C0214,required_for,110,contested,in-vitro,molecular,mouse,v0-6-cellular-responses,v0,false,,,H-tdcs-plasticity-p1,H-tdcs-plasticity,"{""preparation"":""mouse motor cortex slice"",""pairing"":""anodal direct current plus low-frequency synaptic input"",""corollary"":""mice with impaired activity-dependent BDNF release, like humans carrying Val66Met, gained less from motor training""}"
adjunctive-d-cycloserine-with-intermittent-theta-050zkah,antidepressant-response-in-major-depressive-diso-1xmb521,INCREASES,C0215,increases,190,supported,human-interventional,clinical,human,v0-6-cellular-responses,v0,false,,,,,"{""design"":""randomised placebo-controlled trial"",""n"":""50 participants"",""drug"":""D-cycloserine 100 mg during the first two weeks"",""stimulation"":""four weeks of iTBS"",""madrs_difference"":""6.15 points greater reduction than placebo"",""hedges_g"":""0.99"",""response"":""73.9% versus 29.3%"",""remission"":""39.1% versus 4.2%""}"
activation-state-of-the-targeted-neurons-at-the-0d0r1yb,behavioural-and-perceptual-effects-of-tms-0o2mqzq,GATES,C0216,gates,104,supported,consensus,cellular,human,v0-6-cellular-responses,v0,false,,,,,"{""principle"":""effects depend on the activation state of the targeted neurons"",""corollary"":""setting that state beforehand can bias which of two spatially overlapping populations is affected""}"
preconditioning-tdcs-delivered-before-1-hz-repet-14ndm47,direction-of-the-subsequent-rtms-after-effect-on-0pg98lb,MODULATES,C0217,modulates,101,supported,human-interventional,cellular,human,v0-6-cellular-responses,v0,false,,,,,"{""after_anodal_precondition"":""1 Hz rTMS pushed excitability below baseline"",""after_cathodal_precondition"":""the same rTMS raised excitability"",""authors_reading"":""homeostatic, BCM-like mechanism stabilising corticospinal excitability""}"
gating-by-reduced-intracortical-inhibition-durin-0jho4tq,cortical-excitability-during-motor-practice-1u6ua9m,INCREASES,C0218,increases,102;103,supported,consensus,cellular,human,v0-6-cellular-responses,v0,false,,,,,"{""distinction"":""gating briefly raises excitability during practice by reducing intracortical inhibition, whereas homeostatic metaplasticity lowers the plasticity threshold by first reducing activity"",""criteria"":""a consensus paper sets the criteria for calling a human result homeostatic at all""}"
sensorimotor-mu-rhythm-phase-at-the-moment-of-de-175kvv4,direction-of-the-plasticity-outcome-of-triple-pu-0vjs7ba,GATES,C0219,gates,137,supported,human-interventional,cellular,human,v0-6-cellular-responses,v0,false,,,,,"{""method"":""millisecond-latency real-time EEG triggering of otherwise identical triple-pulse bursts"",""negative_peak"":""LTP-like MEP potentiation"",""positive_peak"":""no change"",""interpretation"":""the direction of the outcome was set by the endogenous state rather than by the stimulation parameters"",""replication"":""thin across laboratories""}"
between-person-response-variability-to-plasticit-085vux0,direction-of-the-after-effect-of-pas-anodal-tdcs-1sad5rv,CONFOUNDS,C0220,confounds,204,contested,human-interventional,cellular,human,v0-6-cellular-responses,v0,false,,,H-tdcs-plasticity-p3,H-tdcs-plasticity,"{""n"":""56 healthy people"",""expected_direction"":""39% for paired associative stimulation, 45% for anodal tDCS, 43% for intermittent TBS"",""distribution"":""bimodal"",""cross_protocol"":""response to one protocol did not reliably predict response to another""}"
baseline-mep-amplitude-age-target-muscle-and-tim-0u154gt,theta-burst-stimulation-response-0zt9s4g,MODULATES,C0221,modulates,107,contested,human-observational,cellular,human,v0-6-cellular-responses,v0,false,,,H-tdcs-plasticity-p3,H-tdcs-plasticity,"{""pooling"":""individual data from 430 healthy participants in 22 studies"",""variability"":""large between-person variability in TBS response"",""itbs_predictors"":""lower baseline MEP amplitude, older age, target muscle, time of day"",""ctbs_predictors"":""baseline MEP and measurement timepoint"",""authors_attribution"":""much of the variability attributed to measurement method, with a call for standardisation"",""caveat"":""the predictors are real; the group effects they explain are small""}"
single-session-transcranial-direct-current-stimu-0bc2l4w,cognitive-performance-in-healthy-adults-17ohfma,MODULATES,C0222,modulates,108,contested,human-interventional,behavioural,human,v0-6-cellular-responses,v0,false,,,H-tdcs-plasticity-p3,H-tdcs-plasticity,"{""pooling"":""quantitative review of 59 studies"",""result"":""no significant effect on any cognitive outcome, including working memory and language (negative)"",""caveat"":""the review's own inclusion and pooling choices were subsequently contested""}"
stimulation-of-scalp-cranial-and-cervical-nerves-1agzltj,transcranial-direct-current-stimulation-effects-0l42a8w,CONFOUNDS,C0223,confounds,109;54;55,contested,human-observational,cellular,human,v0-6-cellular-responses,v0,false,,,H-tdcs-plasticity-p2,H-tdcs-plasticity,"{""method"":""re-examination of six published tDCS studies"",""claim"":""scalp cranial and cervical nerve stimulation could explain the reported effects instead"",""precedent"":""for alternating current, anaesthetising the skin reduced tACS-induced tremor entrainment and peripheral nerve stimulation alone reproduced the motor effects in rats and humans"",""counter"":""macaque hippocampal and visual cortex neurons remained entrained to tACS after topical anaesthesia"",""decisive_design_requested"":""transcranial and transcutaneous routes manipulated independently in the same participants""}"
rapid-global-homeostatic-synaptic-plasticity-1yo41i9,antidepressant-action-of-fast-acting-agents-such-1anda0d,MODULATES,C0224,modulates,120;166,supported,consensus,cellular,n/a,v0-6-cellular-responses,v0,false,,,,,"{""argument"":""fast-acting antidepressants act through rapid global homeostatic plasticity rather than input-specific Hebbian plasticity"",""founding_observation"":""in 18 patients with treatment-resistant depression, intravenous ketamine 0.5 mg/kg improved Hamilton scores within 110 minutes with benefit persisting about a week""}"
transcranial-direct-current-stimulation-090szlh,cortical-astrocytes-0tjz2tb,ACTIVATES,C0225,activates,121,contested,animal-interventional,cellular,mouse,v0-6-cellular-responses,v0,false,,,H-tdcs-plasticity-p4,H-tdcs-plasticity,"{""preparation"":""transgenic mice"",""effect"":""widespread astrocytic Ca2+ surges across cortex with little change in local neuronal activity"",""downstream"":""subsequent enhancement of sensory-evoked cortical responses required alpha1-adrenergic signalling and IP3R2-dependent astrocytic Ca2+"",""reading"":""in mouse, an alternative to a purely neuronal polarization account""}"
repeated-ctbs-or-itbs-over-motor-cortex-0e1ja45,glial-activation-and-neuronal-injury-markers-on-1caksxv,MODULATES,C0226,modulates,126,supported,animal-interventional,cellular,macaque,v0-6-cellular-responses,v0,false,,,,,"{""schedule"":""five days a week for three to four weeks"",""readouts"":""[11C]PBR28 TSPO PET and MR spectroscopy"",""result"":""no significant change (negative)"",""standing"":""the only primate-level assay of stimulation-driven glial activation collected here""}"
induction-protocol-with-parameters-readout-prepa-1kualvh,an-interpretable-plasticity-edge-in-the-graph-1b2d8ue,REQUIRED_FOR,C0227,required_for,38;96;99;114;107;204,inferred,inferred,cellular,n/a,v0-6-cellular-responses,v0,true,,,,,"{""same_word_different_things"":""an in vivo rabbit field potential, a multiplicative change in quantal amplitude in rat culture, a spine count in mouse organotypic slice, and an MEP change in a human forearm muscle"",""direction_requirement"":""store the responder fraction and the measured predictors rather than a single signed edge, and represent the contested cases as rival edges at cortical and peripheral levels""}"
shared-subcellular-and-molecular-endpoints-acros-0dzg5ri,joining-the-drive-to-outcome-chain-across-modali-1btlg0l,REQUIRED_FOR,C0230,required_for,110;115;122,inferred,inferred,molecular,n/a,v0-7-molecular-subcellular-convergence,v0,true,,,,,"{""recurring_names"":""BDNF-TrkB, mTOR, the immediate-early genes, mitochondrial state, and glial and inflammatory signalling"",""consequence"":""if the endpoints are shared, a finding about a drug constrains what to expect of a device"",""above_this_level"":""the modalities share nothing physically""}"
nmda-receptor-blockade-at-rest-11ygnit,bdnf-protein-translated-after-eef2-kinase-deacti-0sliwt8,INCREASES,C0231,increases,116,supported,animal-interventional,molecular,mouse,v0-7-molecular-subcellular-convergence,v0,false,,,,,"{""drug"":""ketamine"",""chain"":""NMDA receptor blockade at rest deactivated eEF2 kinase and released BDNF messenger RNA for translation"",""assay"":""mouse cortex""}"
a-shared-marker-measured-by-different-assays-in-1j9mdnx,bdnf-as-a-convergence-endpoint-1aqhi52,CONFOUNDS,C0232,confounds,110;116,inferred,inferred,molecular,n/a,v0-7-molecular-subcellular-convergence,v0,true,,,,,"{""route_one"":""activity-dependent secretion potentiated, in a direct-current mouse slice"",""route_two"":""eEF2 kinase deactivated and BDNF mRNA released for translation, in mice given ketamine"",""problem"":""different edges with the same head node, which an increase in BDNF does not distinguish""}"
species-dependence-of-tspo-as-an-index-of-microg-1imibd4,neuroinflammation-convergence-edges-assembled-ac-0ulfgur,CONFOUNDS,C0233,confounds,127,supported,animal-observational,molecular,mouse;macaque;human,v0-7-molecular-subcellular-convergence,v0,false,,,,,"{""finding"":""TSPO rises in activated microglia in mouse models but not in non-human primates or in human neurodegenerative disease"",""cause"":""traced to an AP1 site in the promoter"",""consequence"":""a human TSPO-PET signal is better read as the density of inflammatory cells than as their activation state"",""graph_consequence"":""a convergence edge assembled from a mouse immunostain and a human PET scan is assembled from two quantities that are not the same quantity""}"
activity-dependent-bdnf-release-00mdfv3,gain-from-motor-skill-training-08yqxw4,REQUIRED_FOR,C0234,required_for,110,supported,animal-interventional,molecular,mouse;human,v0-7-molecular-subcellular-convergence,v0,false,,,,,"{""mouse_arm"":""mice with impaired activity-dependent BDNF release gained less from motor skill training"",""human_arm"":""humans carrying the BDNF Val66Met variant gained less from motor skill training"",""evidence_kind"":""causal arm is mouse; human arm is genotype-level and indirect""}"
classical-and-rapid-acting-antidepressants-0kui4bq,transmembrane-domain-site-of-trkb-dimers-0srkjaa,BINDS,C0235,binds,118,supported,animal-interventional,molecular,mouse,v0-7-molecular-subcellular-convergence,v0,false,,,,,"{""structural_claim"":""the TRKB transmembrane domain senses cholesterol"",""effect"":""promotes synaptic localization of the receptor and BDNF signalling"",""causal_test"":""mutating the binding site reduced cellular and mouse behavioural antidepressant responses"",""methods"":""molecular modelling, cell work and mouse behaviour"",""provenance"":""single laboratory; no independent replication in this corpus""}"
lsd-and-psilocin-1acm6v4,trkb-at-sites-partly-distinct-from-the-antidepre-09n7tbk,BINDS,C0236,binds,119,contested,animal-interventional,molecular,mouse,v0-7-molecular-subcellular-convergence,v0,false,,,H-5ht2a-necessity-p3,H-5ht2a-necessity,"{""affinity"":""high affinity reported"",""requirement"":""plasticity-promoting and antidepressant-like effects in mice required TrkB but not 5-HT2A receptors"",""dissociation"":""the head-twitch response required 5-HT2A"",""claim"":""TrkB as a direct drug target shared across chemical classes rather than a downstream marker"",""provenance"":""same single laboratory as the antidepressant binding-site report""}"
intracellular-rather-than-cell-surface-5-ht2a-re-0y21hga,psychedelic-induced-cortical-plasticity-1wk671u,REQUIRED_FOR,C0237,required_for,92,contested,in-vitro,molecular,mouse,v0-7-molecular-subcellular-convergence,v0,false,,,H-5ht2a-necessity-p1,H-5ht2a-necessity,"{""key_test"":""membrane-impermeant serotonin does not engage the mechanism despite being a 5-HT2A agonist"",""implication"":""receptor location decides the effect""}"
5-ht2a-receptor-activation-0ksorpg,psychedelic-induced-plasticity-as-distinct-from-1evjcha,REQUIRED_FOR,C0238,required_for,173,contested,consensus,molecular,n/a,v0-7-molecular-subcellular-convergence,v0,false,,,H-5ht2a-necessity-p1,H-5ht2a-necessity,"{""separation"":""whether 5-HT2A activation is necessary for the hallucinogenic effect and whether it is necessary for the plasticity effect are usually conflated"",""status"":""the review treats the second question as open""}"
presynaptic-5-ht2a-receptors-on-anterior-thalami-0wc6nz4,psychedelic-induced-synaptic-strengthening-in-gr-041f4om,REQUIRED_FOR,C0239,required_for,174,contested,animal-interventional,molecular,mouse,v0-7-molecular-subcellular-convergence,v0,false,,,H-5ht2a-necessity-p2,H-5ht2a-necessity,"{""preparation"":""CRISPR knockout mice"",""locus"":""granular retrosplenial cortex neurons lack postsynaptic 5-HT2A receptors"",""consequence"":""the responding cell need not express the receptor""}"
single-laboratory-provenance-of-the-trkb-transme-1jbe0k0,convergence-of-antidepressants-and-psychedelics-0qvarei,CONFOUNDS,C0240,confounds,118;119;173,inferred,inferred,molecular,n/a,v0-7-molecular-subcellular-convergence,v0,true,,,,,"{""gap"":""no independent replication of the TRKB transmembrane binding site by another laboratory in this corpus"",""how_to_hold_it"":""a single-laboratory structural claim with mouse behavioural support, not the established mechanism it is often cited as""}"
single-ketamine-dose-1xvsoo3,mtor-signalling-in-prefrontal-cortex-0ml8kiu,ACTIVATES,C0241,activates,115,supported,animal-interventional,molecular,rat,v0-7-molecular-subcellular-convergence,v0,false,,,,,"{""timescale"":""rapid, after a single dose"",""downstream"":""raised synaptic signalling proteins and increased the number and function of dendritic spines"",""causal_test"":""rapamycin blocked both the synaptogenesis and the antidepressant-like behaviour"",""readouts"":""spine counts and phosphorylation states"",""dosing"":""mg/kg by injection""}"
intravenous-ketamine-0-5-mg-kg-0zrtu7q,depression-severity-on-the-25-item-hamilton-scal-1y8vmq5,DECREASES,C0242,decreases,165,supported,human-interventional,clinical,human,v0-7-molecular-subcellular-convergence,v0,false,,,,,"{""n"":""7 patients with major depression"",""design"":""placebo-controlled crossover"",""effect"":""about 14 points within 72 hours"",""role_here"":""the human anchor for the timescale of the mTOR branch, which is behavioural rather than molecular""}"
2r-6r-hydroxynorketamine-1ggftcl,ampa-receptor-dependent-antidepressant-like-beha-01h769d,ACTIVATES,C0243,activates,117,contested,animal-interventional,molecular,mouse,v0-7-molecular-subcellular-convergence,v0,false,,,H-hnk-active-species-p1,H-hnk-active-species,"{""claim"":""antidepressant-like effects without NMDA receptor inhibition"",""requirement"":""AMPA receptor activation""}"
systematic-target-deconvolution-across-thousands-1x7du5p,direct-molecular-target-of-2r-6r-hydroxynorketam-1lcn19w,MEASURED_BY,C0244,measured_by,167,contested,in-vitro,molecular,human,v0-7-molecular-subcellular-convergence,v0,false,,,H-hnk-active-species-p2,H-hnk-active-species,"{""screens"":""binding, functional and large-scale screens at thousands of human proteins"",""result"":""no direct target found at all (negative)""}"
downstream-nmda-receptor-activation-1mseg8j,behavioural-antidepressant-like-effect-of-four-u-1oj28ky,REQUIRED_FOR,C0245,required_for,168,contested,animal-interventional,molecular,mouse,v0-7-molecular-subcellular-convergence,v0,false,,,H-hnk-active-species-p3,H-hnk-active-species,"{""animals"":""male mice"",""dose_response"":""inverted-U, effective at ketamine 10 mg/kg and ineffective higher"",""antagonists"":""MK-801 or CPP pretreatment"",""abolished_effects_of"":""ketamine, (2R,6R)-hydroxynorketamine, a GABA-A modulator and an mGlu2/3 antagonist alike"",""authors_reading"":""a shared requirement for downstream NMDA receptor activation"",""provenance"":""from the same laboratory that proposed the metabolite account""}"
absence-of-any-human-measurement-of-mtor-activat-1n9sj1v,the-mtor-and-rapid-synaptogenesis-convergence-br-1qg4quf,CONFOUNDS,C0246,confounds,115;116;165,inferred,inferred,molecular,n/a,v0-7-molecular-subcellular-convergence,v0,true,,,,,"{""animal_end"":""rat and mouse, mg/kg by injection, spine counts and phosphorylation states as readouts"",""human_end"":""a symptom score"",""join"":""inference, with no measurement of mTOR activation or spine addition in a human brain after any drive, device or drug in this corpus""}"
repetitive-tms-pattern-1-hz-10-hz-or-intermitten-1cp1apc,c-fos-protein-expression-with-an-area-distributi-0w2i79q,INCREASES,C0247,increases,112,supported,animal-interventional,molecular,rat,v0-7-molecular-subcellular-convergence,v0,false,,,,,"{""one_and_ten_hz"":""raised c-Fos in all cortical areas tested"",""itbs"":""raised c-Fos only in limbic cortices"",""inference"":""the molecular response tracked the stimulation pattern rather than the total number of pulses"",""limit"":""1 Hz and 10 Hz were not distinguished from each other by the marker""}"
two-low-intensity-repetitive-tms-protocols-0btvky8,plasticity-related-and-cellular-process-gene-exp-0nscj88,MODULATES,C0248,modulates,113,supported,animal-interventional,molecular,mouse,v0-7-molecular-subcellular-convergence,v0,false,,,,,"{""assay"":""spatial transcriptomics"",""cortical_dependence"":""changes depended on region, layer and protocol""}"
immediate-early-gene-markers-as-a-direction-blin-05qt5xk,direction-of-a-synaptic-change-inferred-from-a-m-1kc432m,CONFOUNDS,C0249,confounds,112;114,supported,animal-interventional,molecular,rat,v0-7-molecular-subcellular-convergence,v0,false,,,,,"{""what_they_mark"":""c-Fos and zif268 protein levels mark that tissue was driven"",""what_they_cannot_give"":""the direction of a synaptic change"",""remedy"":""where direction is needed the measurement has to be synaptic""}"
670-nm-led-light-0dkdce9,cytochrome-c-oxidase-activity-blocked-by-potassi-1skfl0y,ACTIVATES,C0250,activates,88,supported,in-vitro,molecular,rat,v0-7-molecular-subcellular-convergence,v0,false,,,,,"{""preparation"":""primary neuron cultures"",""cyanide"":""10-100 microM blocked enzyme activity, partially restored by light"",""cell_death"":""83.6% falling to 43.5% at 300 microM cyanide"",""no_protection"":""at millimolar cyanide concentrations"",""action_spectrum"":""efficacy across 670, 728, 770, 830 and 880 nm tracked the absorption spectrum of the oxidised enzyme""}"
photodissociation-of-nitric-oxide-by-600-860-nm-028ijdc,action-spectrum-for-cell-attachment-1rtp6gs,MODULATES,C0251,modulates,89,supported,in-vitro,molecular,human,v0-7-molecular-subcellular-convergence,v0,false,,,,,"{""preparation"":""HeLa cells irradiated at 600-860 nm"",""manipulation"":""nitric oxide donors added before exposure"",""effect"":""shifted the action spectrum in a donor- and fluence-dependent way"",""role"":""the proposed signalling step downstream of cytochrome c oxidase""}"
bilateral-anodal-tdcs-of-parietal-cortex-0n5kbof,glycolysis-mitochondrial-function-and-calcium-re-0epg4yo,MODULATES,C0252,modulates,122,supported,animal-interventional,molecular,rat,v0-7-molecular-subcellular-convergence,v0,false,,,,,"{""current"":""200 microA"",""duration"":""20 min per day for five days"",""assays"":""metabolomics and transcriptomics of stimulated tissue"",""dose_caveat"":""the rodent current density is far above the values used in humans, so the dose does not transfer directly""}"
astrocytic-trpa1-opening-by-low-intensity-low-fr-0gpkhmb,glutamate-through-best1-channels-onto-neuronal-n-1efrvbc,RELEASES,C0253,releases,69,contested,in-vitro,molecular,rodent,v0-7-molecular-subcellular-convergence,v0,false,,,H-tus-mechanism-p3,H-tus-mechanism,"{""chain"":""TRPA1 opening, astrocytic calcium entry, Best1-mediated glutamate release, neuronal NMDA receptor activation"",""preparations"":""rodent and in vitro"",""role"":""astrocyte as the acoustic transducer rather than a downstream endpoint""}"
pulsed-focused-ultrasound-with-systemic-microbub-0m0zk9f,damage-associated-molecular-patterns-and-a-paren-0frh86k,INCREASES,C0254,increases,83,contested,animal-interventional,molecular,rat,v0-7-molecular-subcellular-convergence,v0,false,,,H-fus-bbb-inflammation-p1,H-fus-bbb-inflammation,"{""duration"":""about 24 hours"",""authors_comparison"":""a profile compared to ischaemia or mild traumatic brain injury""}"
microbubble-dose-during-focused-ultrasound-sonic-1edv6to,nf-kb-pathway-and-inflammatory-tissue-injury-0rlo5hr,ACTIVATES,C0255,activates,84,contested,animal-interventional,molecular,rat,v0-7-molecular-subcellular-convergence,v0,false,,,H-fus-bbb-inflammation-p2,H-fus-bbb-inflammation,"{""design"":""three sonication protocols at different microbubble doses"",""clinical_imaging_doses"":""no significant NF-kB pathway change (negative)"",""high_doses"":""pathway activation with oedema, neuronal degeneration, neutrophil infiltration and microhaemorrhage at 6 hours and 4 days"",""reading"":""the dispute is about dose, not about whether inflammation can occur""}"
optogenetic-40-hz-driving-of-fast-spiking-intern-0pseh41,amyloid-beta-1-40-and-1-42-load-with-altered-mic-05vd03c,DECREASES,C0256,decreases,123,contested,animal-interventional,molecular,mouse,v0-7-molecular-subcellular-convergence,v0,false,,,H-gamma-40hz-p1,H-gamma-40hz,"{""model"":""Alzheimer's model mice"",""optogenetic_arm"":""lowered Abeta1-40 and Abeta1-42 and changed microglial morphology"",""flicker_arm"":""40 Hz light flicker reduced amyloid in visual cortex""}"
40-hz-audiovisual-stimulation-1tjnxc3,csf-influx-and-interstitial-fluid-efflux-with-as-1oi9xcw,INCREASES,C0257,increases,124,contested,animal-interventional,systemic,mouse,v0-7-molecular-subcellular-convergence,v0,false,,,H-gamma-40hz-p1,H-gamma-40hz,"{""model"":""Alzheimer's model mouse"",""additional_findings"":""changes in meningeal lymphatic vessels"",""causal_test"":""blocking glymphatic clearance abolished amyloid removal"",""role"":""a different effector for the same drive""}"
40-hz-light-flicker-1acxixc,native-gamma-oscillations-plaque-load-and-microg-1ea02nk,MODULATES,C0258,modulates,125,contested,animal-interventional,circuit,mouse,v0-7-molecular-subcellular-convergence,v0,false,,,H-gamma-40hz-p2,H-gamma-40hz,"{""method"":""large-scale recordings in visual cortex and hippocampus of model mice"",""entrainment"":""did not entrain native gamma oscillations (negative)"",""behaviour"":""the mice avoided the flicker"",""endpoints"":""plaques and microglia not meaningfully changed (negative)""}"
unmeasured-joins-in-the-40-hz-chain-19b6nlw,the-40-hz-drive-to-amyloid-convergence-claim-18n60p9,CONFOUNDS,C0259,confounds,123;124;125,inferred,inferred,molecular,n/a,v0-7-molecular-subcellular-convergence,v0,true,,,,,"{""joins"":""drive to entrainment, entrainment to glial state, glial state to clearance, clearance to plaque load"",""mismatch"":""the glymphatic study supplies a mechanism for clearance while the counter-study attacks the first join"",""settling_experiment"":""a replication reporting entrainment measured invasively and amyloid in the same animals, with flicker aversion controlled""}"
assay-preparation-species-and-direction-of-chang-0550ccm,comparability-of-edges-into-a-molecular-endpoint-19n23cw,REQUIRED_FOR,C0260,required_for,110;111;116;118;168;141;190;147,inferred,inferred,molecular,n/a,v0-7-molecular-subcellular-convergence,v0,true,,,,,"{""collapsed_referents"":""secreted protein in a mouse slice, translated protein after eEF2K deactivation in mouse cortex, a human genotype, and a structural binding claim about the receptor"",""strongest_form_of_convergence_evidence"":""two drives whose effects are abolished by the same intervention in the same preparation"",""examples"":""shared NMDA-receptor-activation requirement across four unrelated compounds in mice, the cholinergic lesion that abolishes device-driven map plasticity in rats, and the D-cycloserine addition that multiplied an iTBS clinical effect in humans"",""additional_requirement"":""hold the gating relation separately, since plasticity is conditional on a modulatory third factor""}"
consistent-phase-relation-between-two-oscillatin-0hwxbhb,effective-connectivity-between-the-groups-09sk8np,GATES,C0265,gates,128,supported,consensus,circuit,n/a,v0-8-circuits-networks-neuromodulators,v0,false,,,,,"{""account"":""active neuronal groups oscillate, so excitability fluctuates rhythmically, opening and closing short windows for input and output"",""condition"":""two groups influence one another effectively only when their windows align at a consistent phase relation"",""corollary"":""a changing pattern of coherence is a changing effective connectivity, reconfigurable on cognitive timescales"",""status_of_evidence"":""theory, which licenses entrainment-style intervention""}"
ongoing-network-state-at-the-moment-of-stimulati-03dmstz,efficacy-of-an-applied-oscillatory-drive-0oq7wzk,CONFOUNDS,C0266,confounds,37;44;53,inferred,inferred,circuit,ferret;macaque,v0-8-circuits-networks-neuromodulators,v0,true,,,,,"{""interaction_term"":""efficacy is a function of the applied drive and the ongoing state jointly, not of the drive alone"",""endogenous_fields"":""about 2-4 mV/mm in ferret cortex during physiological activity"",""state_dependence"":""tACS entrained weakly locked neurons and often reduced phase locking in neurons already strongly locked"",""resonance"":""frequency-specific enhancement largest when stimulation frequency matched the network's intrinsic rhythm"",""corpus_gap"":""no human study measuring imposed phase at the single-neuron level""}"
high-frequency-extracellular-stimulation-of-intr-1y9ol72,information-transmitted-by-the-stimulated-nucleu-1shmzgu,INHIBITS,C0267,inhibits,133,contested,computational,circuit,n/a,v0-8-circuits-networks-neuromodulators,v0,false,,,H-dbs-mechanism-p1,H-dbs-mechanism,"{""model_result"":""high-frequency stimulation forces output spiking into a regular, essentially variance-free pattern, so the cell keeps firing but stops transmitting information"",""what_it_reconciles"":""clinical benefit requires high frequency, and the clinical picture resembles a lesion even though axonal output is being driven"",""locus_of_therapy"":""removal of pathological patterning, not a change of mean rate""}"
high-frequency-deep-brain-stimulation-052mwno,efferent-axons-with-antidromic-recruitment-of-co-00jt5j3,ACTIVATES,C0268,activates,133,contested,computational,circuit,n/a,v0-8-circuits-networks-neuromodulators,v0,false,,,H-dbs-mechanism-p2,H-dbs-mechanism,"{""rival_pole"":""the opposite of silencing: excitation of efferent axons and antidromic cortical recruitment, with network-level desynchronisation as a related variant"",""adjudication"":""the dispute is unadjudicated"",""what_outcome_data_cannot_do"":""both accounts predict benefit at high frequency""}"
dbs-pulses-in-the-subthalamic-nucleus-1k75ppv,evoked-resonant-neural-activity-within-the-nucle-01fay8w,ACTIVATES,C0269,activates,134,contested,human-interventional,circuit,human,v0-8-circuits-networks-neuromodulators,v0,false,,,H-dbs-mechanism-p2,H-dbs-mechanism,"{""recordings"":""human intraoperative and chronic recordings"",""response"":""a large, focal resonant response within the subthalamic nucleus"",""topography"":""largest in the dorsal STN, the clinically preferred target"",""anaesthesia"":""present under general anaesthesia"",""clinical"":""associated with better clinical performance"",""limit"":""a stimulation-locked population response that does not measure information content""}"
efferent-firing-pattern-and-downstream-decoding-1j1ia3f,adjudication-between-informational-lesion-and-ex-11nmb28,REQUIRED_FOR,C0270,required_for,133;134,inferred,inferred,circuit,n/a,v0-8-circuits-networks-neuromodulators,v0,true,,,,,"{""what_differs"":""variance-free driven firing carrying no information, versus recruitment of projection axons carrying a new signal to cortex"",""design"":""measured under parameter sets that are and are not clinically effective""}"
subthalamic-beta-band-local-field-potential-burs-0ov5e1i,online-delivery-of-dbs-pulses-1wumgxf,GATES,C0271,gates,135,supported,human-interventional,circuit,human,v0-8-circuits-networks-neuromodulators,v0,false,,,,,"{""source"":""local field potentials recorded from the stimulating electrode"",""n"":""8 patients with advanced Parkinson's disease"",""rule"":""current flowed only while a pathological beta burst exceeded threshold""}"
beta-burst-gated-adaptive-deep-brain-stimulation-0499smu,blinded-motor-score-improvement-in-parkinson-s-d-1k3hfbk,INCREASES,C0272,increases,135,supported,human-interventional,clinical,human,v0-8-circuits-networks-neuromodulators,v0,false,,,,,"{""n"":""8 patients with advanced Parkinson's disease, within-subject blinded comparison"",""improvement"":""50% on blinded motor scores, about 27% better than conventional continuous stimulation"",""stimulation_time"":""down 56%"",""control_condition"":""random intermittent stimulation did not match it, locating the benefit in the timing rather than in intermittency""}"
stimulation-entrained-gamma-oscillations-in-stn-0z1p5cx,chronic-adaptive-deep-brain-stimulation-delivere-1qd4hdt,GATES,C0273,gates,136,supported,human-interventional,clinical,human,v0-8-circuits-networks-neuromodulators,v0,false,,,,,"{""design"":""blinded randomised cross-over feasibility trial"",""n"":""4 patients"",""marker_selection"":""stimulation-entrained gamma identified as the best individual marker of high- versus low-dopaminergic states"",""outcome"":""improved motor symptoms and quality of life relative to clinically optimised continuous stimulation"",""note"":""the control signal is neither fixed across patients nor necessarily endogenous, since this one exists only while stimulating""}"
readout-dependence-of-phase-triggered-stimulatio-0t7xi5i,plasticity-after-effect-of-mu-phase-triggered-bu-0cuxjeo,CONFOUNDS,C0274,confounds,137;213,supported,human-interventional,circuit,human,v0-8-circuits-networks-neuromodulators,v0,false,,,,,"{""positive_readout"":""bursts locked to the high-excitability mu negative peak produced LTP-like MEP potentiation, positive-peak bursts produced no change"",""null_readout"":""a companion study triggering burst rTMS at a mu-rhythm phase found no detectable change in resting EEG or TMS-EEG measures of excitability (negative)"",""authors_conclusion"":""EEG excitability measures do not track corticospinal excitability"",""replication"":""cross-laboratory replication remains thin""}"
anticorrelation-of-the-coil-site-with-the-subgen-0r8c40g,reported-antidepressant-efficacy-of-left-dorsola-0ecjw7i,CORRELATES_WITH,C0275,correlates_with,129,contested,human-observational,circuit,human,v0-8-circuits-networks-neuromodulators,v0,false,,,H-connectivity-targeting-p1,H-connectivity-targeting,"{""source_data"":""resting-state fMRI from 98 healthy subjects"",""sites"":""left dorsolateral prefrontal coil positions used in published rTMS depression trials"",""inversion"":""turned into a targeting rule, deriving optimal coordinates in BA46"",""replication_sample"":""an independent sample of 13 depressed patients"",""design_limit"":""efficacy taken from the literature rather than measured in these subjects, so the design is correlational and retrospective""}"
connectivity-between-the-e-field-defined-stimula-1ay0lz4,clinical-outcome-of-rtms-for-depression-0tdfq66,CORRELATES_WITH,C0276,correlates_with,130,contested,human-interventional,circuit,human,v0-8-circuits-networks-neuromodulators,v0,false,,,H-connectivity-targeting-p2,H-connectivity-targeting,"{""n"":""295 patients treated with rTMS for depression"",""effect_size"":""r about -0.16"",""condition"":""only when targets were defined by electric-field modelling rather than nominal coil position"",""artefact"":""much of the association tracked respiration-driven artefact in the global signal"",""variance_explained"":""roughly 3% of outcome variance"",""authors_conclusion"":""too little to support current individualised targeting protocols on its own""}"
structural-and-functional-connectivity-of-the-st-190n5wc,motor-improvement-after-subthalamic-dbs-for-park-0wha3wk,CORRELATES_WITH,C0277,correlates_with,132,supported,human-observational,circuit,human,v0-8-circuits-networks-neuromodulators,v0,false,,,,,"{""n"":""51 patients"",""method"":""electrode localisation combined with normative human connectome data"",""predictors"":""structural and functional connectivity of the stimulation volume were independent predictors"",""prominent_features"":""supplementary-motor-area connectivity and anticorrelation with M1"",""replication"":""the same profile predicted outcome in an independent cohort without patient-specific imaging""}"
one-distributed-network-derived-from-lesions-and-0oz5zft,antidepressant-efficacy-of-held-out-tms-and-dbs-1ysq0aj,CORRELATES_WITH,C0278,correlates_with,131,supported,human-observational,circuit,human,v0-8-circuits-networks-neuromodulators,v0,false,,,,,"{""pooling"":""14 datasets"",""samples"":""lesions n=461, TMS sites n=151, DBS sites n=101"",""convergence"":""circuits derived from damage and from therapeutic stimulation converged on one distributed network independent of diagnosis""}"
definition-of-the-target-literature-coordinate-a-0ou28og,connectivity-based-targeting-claims-0zrkbhk,CONFOUNDS,C0279,confounds,129;130;131;132,inferred,inferred,circuit,human,v0-8-circuits-networks-neuromodulators,v0,true,,,,,"{""dispute"":""not whether connectivity carries information about outcome but how much, and under which definition of the target"",""contrast"":""a usable targeting rule when the target is a literature-derived coordinate, about 3% of variance when it is the tissue an E-field model says was stimulated"",""graph_consequence"":""anatomical, functional and connectivity-derived targets are different nodes, not labels for one node""}"
locus-coeruleus-firing-regime-1gq27pu,neural-gain-and-the-balance-of-task-engagement-a-1h735gm,MODULATES,C0280,modulates,138,supported,consensus,circuit,macaque;human,v0-8-circuits-networks-neuromodulators,v0,false,,,,,"{""synthesis_of"":""primate electrophysiology with computational modelling"",""phasic"":""responses time-locked to task-relevant decisions support task engagement"",""tonic"":""elevated tonic firing accompanies disengagement and favours exploration"",""claim"":""the locus coeruleus sets neural gain rather than merely arousal""}"
locus-coeruleus-subpopulations-with-target-speci-1yajbw9,distinct-forebrain-targets-with-heterogeneous-re-1hdm2nn,PROJECTS_TO,C0281,projects_to,139,supported,consensus,circuit,rodent;macaque;human,v0-8-circuits-networks-neuromodulators,v0,false,,,,,"{""qualification"":""subpopulations encode specific processes, so LC activation has more selective network consequences than a diffuse broadcast model implies""}"
half-second-vagus-nerve-stimulation-trains-05q0ma8,phasic-locus-coeruleus-firing-1o4j7on,INCREASES,C0282,increases,140,supported,animal-interventional,circuit,rat,v0-8-circuits-networks-neuromodulators,v0,false,,,,,"{""grid"":""amplitude, frequency, train duration, inter-train interval and pulse width"",""threshold"":""rapid phasic LC firing from 0.1 mA"",""amplitude_and_pulse_width"":""higher current and longer pulse widths raised LC firing rate"",""frequency"":""pulse frequency changed the timing of the burst without changing total LC activity""}"
left-dorsolateral-prefrontal-rtms-0ubfduu,dopamine-in-the-ipsilateral-dorsal-caudate-measu-1eve4zd,RELEASES,C0283,releases,143,supported,human-interventional,circuit,human,v0-8-circuits-networks-neuromodulators,v0,false,,,,,"{""assay"":""competition assay with [11C]raclopride PET"",""specificity"":""ipsilateral dorsal caudate only, with no change in putamen, accumbens or contralateral caudate"",""implication"":""focal dopamine release remote from the stimulated cortex""}"
acetylcholine-dopamine-noradrenaline-and-seroton-0xvqgbs,spike-timing-dependent-plasticity-0xsy3j0,GATES,C0284,gates,147,supported,consensus,cellular,rodent,v0-8-circuits-networks-neuromodulators,v0,false,,,,,"{""preparations"":""rodent and in vitro"",""claim"":""the four transmitters gate spike-timing-dependent plasticity mechanistically"",""consequence"":""plasticity is conditional on a modulatory third factor rather than following from the drive alone""}"
cholinergic-neurons-of-the-nucleus-basalis-0btnqwc,vns-paired-expansion-of-the-proximal-forelimb-mo-109toe9,REQUIRED_FOR,C0285,required_for,141,supported,animal-interventional,circuit,rat,v0-8-circuits-networks-neuromodulators,v0,false,,,,,"{""pairing"":""forelimb training paired with vagus nerve stimulation"",""intact_group"":""map expansion present"",""lesion_group"":""no expansion after selective lesion of nucleus basalis cholinergic neurons"",""control"":""motor performance equivalent across groups"",""perturbation_method"":""source-nucleus lesion""}"
cholinergic-noradrenergic-and-serotonergic-recep-0s1u7ot,vns-dependent-cortical-map-expansion-1ot0lwm,REQUIRED_FOR,C0286,required_for,142,supported,animal-interventional,circuit,rat,v0-8-circuits-networks-neuromodulators,v0,false,,,,,"{""drugs"":""oxybutynin, prazosin or duloxetine dosed daily at clinically relevant doses"",""pairing"":""VNS paired with a jaw movement"",""result"":""all groups showed the expected VNS-dependent map expansion, so blockade did not block it (negative)"",""inference"":""pharmacological blockade and lesion of the source nucleus are not interchangeable evidence for the same edge""}"
5-ht2a-receptors-on-layer-v-pyramidal-apical-den-0p5jao8,apical-dendrites-of-layer-v-cortical-pyramidal-n-1ep9cgs,LOCATED_IN,C0287,located_in,172,contested,consensus,circuit,n/a,v0-8-circuits-networks-neuromodulators,v0,false,,,H-5ht2a-necessity-p1,H-5ht2a-necessity,"{""role"":""the standard account of where a psychedelic acts"",""challenge"":""in CRISPR knockout mice the responding cortex lacked postsynaptic 5-HT2A receptors and required presynaptic receptors on afferent axons instead""}"
pupil-diameter-as-a-proxy-for-noradrenergic-enga-11yajzm,locus-coeruleus-spike-count-0sm3d2j,CORRELATES_WITH,C0288,correlates_with,144,contested,animal-interventional,circuit,mouse,v0-8-circuits-networks-neuromodulators,v0,false,,,H-tavns-engagement-p3,H-tavns-engagement,"{""method"":""simultaneous LC spike recording and pupillometry"",""relation"":""monotonic and graded"",""limit"":""pupil size predicted only a small fraction of moment-to-moment LC activity"",""session_variability"":""responses to identical optogenetic LC stimulation varied strongly between sessions, and that variation tracked decision-bias-related behaviour"",""consequence"":""the pupil-LC mapping is itself state-dependent""}"
named-biomarker-and-named-perturbation-method-on-0qhib57,a-circuit-level-neuromodulator-necessity-claim-0611kjt,REQUIRED_FOR,C0289,required_for,141;142;174;137;213;135;136;144,inferred,inferred,circuit,n/a,v0-8-circuits-networks-neuromodulators,v0,true,,,,,"{""necessity"":""source-nucleus lesion and receptor antagonism give opposite answers for the same VNS plasticity effect"",""drug_case"":""for a drug the responding cell may not express the receptor"",""biomarker"":""the same protocol potentiates a corticospinal readout while leaving an EEG readout unchanged, and a closed loop's control signal may be endogenous beta or stimulation-entrained gamma that exists only while stimulating"",""proxy"":""where a proxy stands in for a system, the edge inherits the proxy's validity""}"
acetylcholine-1vg5qfr,release-of-tnf-il-1beta-il-6-and-il-18-from-lps-0vwcjma,DECREASES,C0295,decreases,148,supported,in-vitro,molecular,human,v0-9-body-systems,v0,false,,,,,"{""preparation"":""human macrophages stimulated with lipopolysaccharide in vitro"",""suppressed"":""TNF, IL-1beta, IL-6 and IL-18"",""not_suppressed"":""IL-10""}"
direct-electrical-stimulation-of-the-peripheral-1ftjqte,hepatic-tnf-synthesis-and-the-serum-tnf-peak-in-0yn19f1,INHIBITS,C0296,inhibits,148,supported,animal-interventional,systemic,rat,v0-9-body-systems,v0,false,,,,,"{""model"":""rats made endotoxaemic"",""effects"":""inhibited hepatic TNF synthesis, blunted the peak of serum TNF and prevented shock"",""chain"":""drive, coupling, cellular, molecular, system and outcome in one preparation""}"
efferent-parasympathetic-anti-inflammatory-pathw-16xnszh,systemic-cytokine-production-during-endotoxaemia-0tqxfiw,INHIBITS,C0297,inhibits,148;149,contested,animal-interventional,systemic,rat,v0-9-body-systems,v0,false,,,H-inflammatory-reflex-p1,H-inflammatory-reflex,"{""authors_reading"":""an efferent, parasympathetic anti-inflammatory pathway"",""distinction"":""distinct from the already-described afferent vagal route that acts through the HPA axis"",""formalisation"":""inflammatory state is sensed and regulated in real time as heart rate is, which makes cytokine concentration a controlled variable and therefore a target for a device""}"
unreported-current-frequency-pulse-width-and-tra-0pgyp7q,vagus-nerve-stimulation-as-a-reproducible-drive-0pp7pls,CONFOUNDS,C0298,confounds,148;140,inferred,inferred,systemic,rat,v0-9-body-systems,v0,true,,,,,"{""gap"":""the record this volume works from does not carry the current, frequency, pulse width or train duration of that rat stimulation"",""consequence"":""the founding experiment cannot be replicated from what is cited here"",""later_work"":""the parametric work that makes a vagal drive reproducible was done later and for a different readout""}"
pulse-locked-mesencephalic-trigeminal-nucleus-co-0ogrpto,cervical-vagus-nerve-stimulation-as-a-selective-11fo0jp,CONFOUNDS,C0299,confounds,140,supported,animal-interventional,systemic,rat,v0-9-body-systems,v0,false,,,,,"{""control_condition"":""mesencephalic trigeminal nucleus included as a control for non-specific recruitment"",""threshold"":""pulse-locked trigeminal activity appeared only above 1.2 mA"",""consequence"":""the same cuff at two amplitudes is two different drives, one of which co-recruits trigeminal afferents""}"
acetylcholine-at-alpha7-nicotinic-receptors-on-c-1opgddb,vagal-suppression-of-splenic-tnf-1l807va,REQUIRED_FOR,C0300,required_for,150,supported,animal-interventional,molecular,mouse,v0-9-body-systems,v0,false,,,,,"{""anatomical_hole"":""vagal fibres do not innervate the spleen and lack the machinery to synthesise acetylcholine there"",""termination"":""the arc terminates on a receptor expressed by a macrophage""}"
splenic-memory-phenotype-choline-acetyltransfera-0i1jgun,inhibition-of-tnf-by-vagus-nerve-stimulation-0awdl73,REQUIRED_FOR,C0301,required_for,150,contested,animal-interventional,systemic,mouse,v0-9-body-systems,v0,false,,,H-inflammatory-reflex-p1,H-inflammatory-reflex,"{""identification"":""a memory-phenotype ChAT-expressing T cell population in the spleen"",""role"":""the efferent arc passes through a lymphocyte that makes the transmitter""}"
non-neuronal-cells-as-chain-nodes-1sjh162,a-schema-able-to-represent-drive-to-outcome-chai-1g5vp3d,REQUIRED_FOR,C0302,required_for,150;158,inferred,inferred,systemic,mouse,v0-9-body-systems,v0,true,,,,,"{""case_one"":""an acetylcholine-producing splenic T lymphocyte in the efferent vagal arc"",""case_two"":""enteroendocrine neuropod cells in gut interoception"",""consequence"":""the schema cannot restrict nodes to neurons, axons and brain regions""}"
noradrenergic-nerve-terminals-in-the-spleen-0ct8hjy,suppression-of-systemic-tnf-by-vagal-stimulation-19no7xh,REQUIRED_FOR,C0303,required_for,151,supported,consensus,systemic,rat,v0-9-body-systems,v0,false,,,,,"{""audited_and_accepted"":""stimulating the cut peripheral end of either vagus suppresses local and systemic inflammation; the spleen is where systemic TNF is produced and suppressed; the effect requires splenic noradrenergic terminals and ChAT-positive T lymphocytes; alpha7 nicotinic receptors are essential""}"
vagal-stimulation-1dup16g,action-potentials-in-the-splenic-nerve-12jvwm2,ACTIVATES,C0304,activates,151,contested,animal-interventional,systemic,rat,v0-9-body-systems,v0,false,,,H-inflammatory-reflex-p2,H-inflammatory-reflex,"{""result"":""vagal stimulation does not drive action potentials in the splenic nerve (negative)"",""rejected_claim"":""the proposed disynaptic connection from vagus to splenic nerve"",""conclusion"":""the pathway is activatable, electrically and pharmacologically, but it is not the efferent arm of a physiological reflex to endotoxaemia"",""settling_experiment"":""recordings showing splenic nerve traffic driven by vagal stimulation, and changing when an animal is made inflamed with the vagus intact; the first has been attempted and reported negative""}"
heart-rate-variability-indices-of-vagal-activity-0bq0rah,circulating-cytokine-concentrations-in-humans-0y2wpop,CORRELATES_WITH,C0305,correlates_with,152,supported,human-observational,systemic,human,v0-9-body-systems,v0,false,,,,,"{""body_of_work"":""a large correlational literature of HRV-cytokine associations against a much smaller set of experimental studies"",""limits"":""weak causal designs, inconsistent measures of vagal activity and limited target-engagement evidence""}"
implanted-vagus-nerve-neuroimmune-modulation-dev-1vju2ux,acr20-response-in-rheumatoid-arthritis-1yomc9j,INCREASES,C0306,increases,153,supported,human-interventional,clinical,human,v0-9-body-systems,v0,false,,,,,"{""trial"":""RESET-RA, randomised active versus sham"",""n"":""242 patients with rheumatoid arthritis refractory to or intolerant of biologic or targeted synthetic DMARDs"",""blinded_phase"":""three months, then open-label stimulation to twelve months"",""primary_result"":""ACR20 at three months 35.2% active versus 24.2% sham, p = 0.02"",""completers"":""50.0% at six months and 52.8% at twelve months"",""safety"":""adverse events similar between arms; the few related serious events were perioperative and resolved""}"
an-eleven-point-sham-controlled-responder-rate-d-0m0eal4,adjudication-between-the-reflex-and-activatable-1dto8al,CONFOUNDS,C0307,confounds,151;153,inferred,inferred,clinical,human,v0-9-body-systems,v0,true,,,,,"{""reading"":""a real result and a modest one in a refractory population"",""limit"":""a benefit of this size is compatible with both the reflex account and the activatable-but-not-reflex account"",""what_would_settle_it"":""electrophysiology rather than outcome data""}"
continuous-cymba-conchae-transcutaneous-auricula-0rsmh36,event-related-pupil-dilation-resting-pupil-size-1kwdixd,MODULATES,C0308,modulates,145,contested,human-interventional,systemic,human,v0-9-body-systems,v0,false,,,H-tavns-engagement-p1,H-tavns-engagement,"{""n"":""66 healthy participants"",""comparator"":""earlobe sham"",""intensity"":""individually titrated just below pain threshold"",""result"":""no effect on any of the measured indices (negative)"",""positive_control"":""the task itself produced the expected pupil effects""}"
pulsed-versus-continuous-tavns-waveform-0xg4f6v,pupil-dilation-as-an-index-of-target-engagement-143gxm5,MODULATES,C0309,modulates,146;138,contested,human-interventional,systemic,human,v0-9-body-systems,v0,false,,,H-tavns-engagement-p2,H-tavns-engagement,"{""pooling"":""living Bayesian meta-analysis of 18 taVNS studies, N = 771"",""overall"":""anecdotal evidence only, g = 0.15, BF01 = 1.0"",""pulsed"":""strong evidence for an effect, g = 0.36, BF10 = 50.8"",""continuous"":""strong evidence for the null, g = 0.002, BF01 = 21.9"",""mapping"":""the split maps onto the phasic and tonic locus coeruleus regimes of the adaptive-gain account"",""inference"":""waveform, not intensity, is the decisive parameter""}"
fibre-class-heterogeneity-of-the-vagus-0tqrulm,vagal-stimulation-as-engagement-of-a-single-chan-0jic9o2,CONFOUNDS,C0310,confounds,157,supported,consensus,systemic,rodent,v0-9-body-systems,v0,false,,,,,"{""organisation"":""vagal sensory neurons organised by molecularly defined cell type across respiratory, cardiovascular and digestive systems"",""gap"":""little is established about signal transduction in vagal afferents and their upstream sentinel cells compared with the external senses"",""consequence"":""a cuff or an ear electrode engages a mixture of labelled lines rather than a channel""}"
enteroendocrine-neuropod-cells-0adwobi,vagal-afferent-neurons-through-a-glutamatergic-s-1jmcnq3,PROJECTS_TO,C0311,projects_to,158,supported,animal-interventional,systemic,mouse,v0-9-body-systems,v0,false,,,,,"{""prior_assumption"":""gut-brain signalling assumed hormonal and therefore slow, because no synapse was known between intestinal epithelium and vagus"",""finding"":""enteroendocrine cells form glutamatergic synapses with vagal afferents and transduce luminal stimuli in milliseconds"",""architecture"":""lumen to brainstem across a single synapse""}"
prefrontal-tms-or-tdcs-10ijdge,acute-cortisol-response-to-a-laboratory-stressor-0qbaxdf,DECREASES,C0312,decreases,159,supported,human-interventional,systemic,human,v0-9-body-systems,v0,false,,,,,"{""pooling"":""meta-analysis of 16 randomised controlled trials in healthy adults"",""effect_size"":""SMD = -0.72"",""moderators"":""larger effects for TMS than tDCS, and for stimulation delivered before or after rather than during the stressor"",""inference"":""timing relative to the challenge is part of the dose""}"
pregnane-steroids-acting-as-circulating-endocrin-1xxkklq,gaba-a-receptor-function-by-a-direct-non-genomic-1s53kef,MODULATES,C0313,modulates,179,supported,consensus,molecular,n/a,v0-9-body-systems,v0,false,,,,,"{""dual_role"":""one molecule can be a systemic drive or a local one"",""mechanism"":""positive modulation of GABA-A receptor function rather than a genomic action""}"
sckan-the-sparc-connectivity-knowledge-base-of-t-0412tr3,curated-population-level-structural-connectivity-0v18usz,MEASURED_BY,C0314,measured_by,155,supported,consensus,systemic,n/a,v0-9-body-systems,v0,false,,,,,"{""content"":""origins, terminations and routing of autonomic projections between the central nervous system and end organs"",""provenance"":""expert input, published literature, textbooks and SPARC datasets"",""use"":""generates the connectivity maps on the SPARC portal"",""what_it_is_not"":""not a source of stimulation-response or physiological measurement data; nothing in it says what a 0.1 mA half-second train does to locus coeruleus firing, whether vagal stimulation drives splenic nerve spikes, or how large an ACR20 difference an implant produces""}"
compositional-phenotype-naming-with-community-on-13ae81i,comparable-neuron-population-nodes-in-an-autonom-1nt8or1,REQUIRED_FOR,C0315,required_for,156,supported,consensus,systemic,n/a,v0-9-body-systems,v0,false,,,,,"{""method"":""decomposes a neuron type into phenotypes carrying identifiers from community ontologies rather than an opaque label"",""demonstration"":""reconciled three published cortical neuron classifications with each other and with informal literature names""}"
species-neutral-anatomy-ontology-linking-species-0t05v8o,comparison-of-an-organ-or-structure-across-human-10q3toz,REQUIRED_FOR,C0316,required_for,214,supported,consensus,systemic,n/a,v0-9-body-systems,v0,false,,,,,"{""role"":""organ and structure identifiers for the autonomic connectivity resource""}"
route-direction-afferent-versus-efferent-carried-0akblvt,a-vagal-chain-edge-that-preserves-its-claim-1vrb4i5,REQUIRED_FOR,C0317,required_for,148;157;150;140,inferred,inferred,systemic,n/a,v0-9-body-systems,v0,true,,,,,"{""direction"":""afferent and efferent vagal routes have different anatomy, different transducers and different consequences, and the founding paper distinguishes its efferent pathway from an afferent HPA route in the same nerve"",""sign"":""vagal stimulation suppresses TNF through one branch and raises locus coeruleus firing through another, so the drive carries no sign of its own"",""edge_that_loses_the_claim"":""vagus to spleen""}"
evidence-type-recorded-on-every-imported-edge-0mrs0s3,importing-curated-anatomy-alongside-stimulation-1k9tww0,REQUIRED_FOR,C0318,required_for,148;150;151;152;153;155;214;218,inferred,inferred,systemic,n/a,v0-9-body-systems,v0,true,,,,,"{""species_spread"":""the molecular chain is rodent with human in vitro pharmacology, the critique is rodent electrophysiology, the clinical result is human, the human mechanism literature is largely correlational, and the anatomy resource is multi-species by construction"",""failure_mode"":""reading a curated anatomical projection and a sham-controlled trial as the same kind of fact""}"
electrode-placement-and-pulse-width-in-electroco-1v59d0y,remission-rate-in-depression-1667rc9,MODULATES,C0330,modulates,260;261;263,supported,human-interventional,clinical,human,v0-10-modality-map,v0,false,,,,,"{""design"":""2 x 2 randomised trial"",""n"":""90 patients"",""ultrabrief_right_unilateral"":""73% remission at 0.3 ms"",""ultrabrief_bilateral"":""35% remission"",""inference"":""efficacy does not follow delivered charge, and total charge and energy are argued to be the wrong abstraction"",""open_question"":""whether the antidepressant action comes from the seizure, from the electricity, or from their interaction""}"
magnetic-seizure-therapy-0vht4ha,a-generalised-seizure-from-a-field-confined-larg-18dc0eg,ACTIVATES,C0331,activates,227;225,supported,human-interventional,clinical,human,v0-10-modality-map,v0,false,,,,,"{""trial"":""double-blind randomised trial at three hospitals"",""n"":""73 adults"",""response"":""51.4% for MST against 42.1% for ultrabrief right unilateral ECT, sustained at six months"",""cognition"":""significantly longer time to reorientation and fewer cognitive adverse effects than ECT"",""field"":""finite-element simulation puts the suprathreshold volume well inside that of four ECT montages"",""argument"":""comparable efficacy from a much more focal field is the strongest available argument for the seizure rather than the field"",""limit"":""no trial beyond the single blinded head-to-head""}"
epidural-cortical-stimulation-0o47uxo,corticospinal-neurons-trans-synaptically-read-as-19ic1f5,ACTIVATES,C0332,activates,58,supported,human-interventional,circuit,human,v0-10-modality-map,v0,false,,,,,"{""measurement"":""human epidural recordings of descending corticospinal volleys during transcranial stimulation"",""dependence"":""recruitment depends on current direction"",""resolution"":""millisecond ordering of direct and indirect volleys, with no spatial figure"",""corpus_gap"":""the corpus's epidural material is recordings rather than therapeutic drive""}"
amplitude-and-frequency-at-a-single-intracortica-0vjvacn,modality-of-the-evoked-percept-cutaneous-or-prop-0yk2trn,MODULATES,C0333,modulates,249,supported,human-interventional,clinical,human,v0-10-modality-map,v0,false,,,,,"{""finding"":""at one electrode, amplitude and frequency decide whether the percept is cutaneous or proprioceptive, and some electrodes are multimodal"",""consequence"":""an electrode is not a labelled line"",""design_limit"":""single-participant designs throughout""}"
intracortical-microstimulation-used-as-a-write-i-0h3e9zy,contact-location-and-pressure-information-availa-1a8q0df,INCREASES,C0334,increases,248;250,supported,human-interventional,clinical,human,v0-10-modality-map,v0,false,,,,,"{""coupling"":""direct cortical excitation writing tactile information into somatosensory cortex"",""stability"":""percepts stable over months, with stimulation performance holding over 1,500 days"",""thresholds"":""median detection threshold 31.5 microA at day 100 falling to 10.4 microA at day 1500"",""missing"":""performance of a full decode-and-write-in loop as a system, and any multi-participant series""}"
respiration-gated-hypoglossal-nerve-stimulation-0wbd9yw,apnoea-hypopnoea-index-in-obstructive-sleep-apno-0ukgd19,DECREASES,C0335,decreases,252;254,supported,human-interventional,clinical,human,v0-10-modality-map,v0,false,,,,,"{""coupling"":""excitation of a somatic motor nerve producing timed tongue-protrusor contraction, with a mechanical endpoint rather than a modulated state"",""n"":""126 CPAP-intolerant patients"",""result"":""median apnoea-hypopnoea index down 68%, from 29.3 to 9.0 events/hour at 12 months"",""causal_control"":""a randomised therapy-withdrawal substudy confirmed device dependence"",""pooled"":""30 studies, index down 20.11 events/hour (95% CI 23.13 to 17.10) at one year"",""limit"":""only 4 of the 30 pooled studies were randomised""}"
occipital-nerve-stimulation-02w6nl5,weekly-attack-frequency-in-medically-intractable-0syffrh,DECREASES,C0336,decreases,255,supported,human-interventional,clinical,human,v0-10-modality-map,v0,false,,,,,"{""design"":""randomised, double-blind, multicentre phase 3 dose-controlled trial"",""dose_arms"":""intensity set at 100% or 30% of the individually determined paraesthesia-to-near-discomfort range rather than in mA"",""result"":""median weekly attack frequency fell substantially by weeks 21-24 (p < 0.0001), similarly in both arms"",""consequence"":""a dose-dependent therapeutic effect cannot be separated from a non-specific one"",""missing"":""a sham comparison, which an unmistakable paraesthesia makes impossible, and with it the mechanism of benefit""}"
epidural-spinal-cord-stimulation-1gf10bq,large-myelinated-dorsal-root-afferents-which-eng-1k7erey,ACTIVATES,C0337,activates,61,supported,computational,circuit,rat,v0-10-modality-map,v0,false,,,,,"{""claim"":""recruitment of large myelinated dorsal-root afferents rather than motoneurons or interneurons directly"",""validation"":""modelled and confirmed in rats for intensity and electrode position"",""corpus_gap"":""no human mechanism source; one computational model with rat validation and one expert taxonomy""}"
surface-or-implanted-peripheral-motor-nerve-stim-0ot5og0,motor-units-non-selectively-spatially-fixed-and-1s2oy28,ACTIVATES,C0338,activates,246,supported,consensus,systemic,human,v0-10-modality-map,v0,false,,,,,"{""rejected_textbook_claim"":""the strict reverse (large-to-small) recruitment order is not supported"",""consequence"":""synchronous firing of the same units is the source of the rapid fatigue, and the stimulated population does not rotate as in voluntary contraction"",""missing"":""a selective recruitment method that reproduces the size principle, and fatigue-resistant parameter sets""}"
transcranial-pulse-stimulation-1j7r0no,cerad-corrected-total-score-in-alzheimer-s-disea-0fr66dt,MODULATES,C0339,modulates,229;228,supported,human-interventional,clinical,human,v0-10-modality-map,v0,false,null-result,primary endpoint not met (benefit only in the pre-specified younger subgroup),,,"{""design"":""double-blind sham-controlled crossover trial with successful blinding"",""n"":""60 patients on standard therapy"",""dose"":""6,000 pulses at 0.20 mJ/mm2 and 5 Hz, about 3 microseconds per pulse"",""missed_primary_endpoint"":""CERAD corrected total score rose 2.22 points after verum against 1.00 after sham at three months, with a non-significant condition-by-session interaction, P = .68"",""subgroup"":""benefit confined to a prespecified subgroup aged 70 or under"",""superseded_result"":""a 35-patient open-label series had reported three-month improvement correlated with memory-network connectivity"",""missing"":""a confirmed clinical effect and an established coupling mechanism""}"
organ-directed-focused-ultrasound-aimed-at-a-sub-1vamocm,ex-vivo-tnf-production-in-healthy-human-voluntee-0u5u5hr,DECREASES,C0340,decreases,259;256,supported,human-interventional,systemic,human,v0-10-modality-map,v0,false,,,,,"{""protocol"":""three minutes delivered in intermittent 15 s intervals, either swept continuously at 11.7 mW/cm2 or focused-pulsed at 174.8-225.4 mW/cm2"",""result"":""ex vivo TNF production fell for more than two hours and returned to baseline by 24 h, with no adverse clinical or laboratory effects"",""rival_reading"":""the effect did not differ by stimulation mode or across a roughly fifteen-fold intensity difference, which is hard to reconcile with a dose-dependent mechanical-neural mechanism and is compatible with a local tissue effect rather than a neural reflex"",""missing"":""any human measurement of the neurotransmitter relay and any energy-response relationship""}"
40-hz-audio-visual-sensory-entrainment-delivered-0dc0v1b,primary-cognitive-composite-in-mild-to-moderate-0zw80qu,MODULATES,C0341,modulates,234;233,supported,human-interventional,clinical,human,v0-10-modality-map,v0,false,null-result,primary cognitive composite not met,,,"{""design"":""six-month sham-controlled trial randomised 2:1, EEG-verified delivery, adherence 85-90%, no serious treatment-related adverse events"",""n"":""70 analysable patients"",""missed_primary_endpoint"":""the primary cognitive composite was missed"",""unadjusted_secondaries"":""nominally favourable — MMSE decline reduced 76%, ADCS-ADL decline 77%, whole-brain volume loss 69%"",""superseded_result"":""pilot work in 15 patients had reported less ventricular dilation and hippocampal atrophy"",""missing"":""a positive primary endpoint and multiplicity-adjusted secondary outcomes""}"
shifted-and-summed-rate-matched-transient-evoked-0yqdwfl,steady-state-response-to-rhythmic-sensory-stimul-082cpz1,MODULATES,C0342,modulates,232;231,supported,human-interventional,circuit,human,v0-10-modality-map,v0,false,,,,,"{""claim"":""linear superposition rather than entrainment, with no signature of oscillatory entrainment at the stimulation frequency"",""rival"":""the resonance reading of the human flicker frequency-response curve, which peaks near 10, 20, 40 and 80 Hz across 1-100 Hz"",""open_question"":""whether the driven response involves an entrained oscillator at all""}"
galvanic-vestibular-stimulation-0yhotqn,spike-initiation-zone-of-vestibular-primary-affe-0rp0fo6,POLARIZES,C0343,polarizes,235;237,supported,consensus,biophysical,human,v0-10-modality-map,v0,false,,,,,"{""locus"":""DC bias of firing at the spike-initiation zone rather than at the hair cell or the central nuclei"",""sensitivity"":""irregular afferents most sensitive"",""forward_model"":""the vector of biased signals converging in the vestibular nuclei predicts the direction and size of body sway across montages"",""dose_axes"":""current amplitude 0.1-4 mA, session duration 12 s to 24 h, direct, sinusoidal or stochastic waveforms, extracted from 53 clinical trials"",""missing"":""parameter consensus across indications and pooled efficacy estimates by indication""}"
transcranial-static-magnetic-field-stimulation-0jrukv5,motor-evoked-potential-amplitude-00eayux,MODULATES,C0344,modulates,240;238;241,supported,human-interventional,cellular,human,v0-10-modality-map,v0,false,null-result,non-replication at matched magnet geometry,,,"{""non_replication"":""ten minutes at matched magnet geometry produced no MEP modulation in 18 subjects, with or without a concurrent attentional task (negative)"",""original_effect"":""MEP amplitude reduced by up to about 25% after ten minutes in single-session excitability studies"",""flux_density"":""about 160-170 mT at 2 cm from the scalp for a 45 x 30 mm N45 magnet"",""missing"":""any transduction mechanism, since no accepted pathway exists for a static field, and a pooled effect-size estimate""}"
species-gap-in-deliverable-cortical-cooling-1kp880n,cortical-cooling-as-a-human-therapeutic-drive-03dijsy,CONFOUNDS,C0345,confounds,242;243,inferred,inferred,biophysical,human,v0-10-modality-map,v0,true,,,,,"{""preclinical_thresholds"":""about 20 degrees C terminates paroxysmal activity in vitro and below 24 degrees C aborts seizures within seconds in vivo"",""human_achieved"":""intraoperative surface cooling of human cortex achieved only about 0.6-2 degrees C at 10-15 mm depth"",""coupling"":""temperature dependence of channel kinetics and synaptic release slows every temperature-dependent conductance and release step at once"",""missing"":""any human therapeutic series""}"
continuous-intrathecal-baclofen-infusion-19wec0z,muscle-tone-and-spasm-frequency-in-severe-spasti-19n3act,DECREASES,C0346,decreases,163,supported,human-interventional,clinical,human,v0-10-modality-map,v0,false,,,,,"{""design"":""randomised double-blind crossover trial"",""n"":""20 patients who had failed the oral route"",""result"":""tone fell in all 20 patients and spasms were reduced in 18 of 19, maintained over a mean 19.2 months"",""coupling"":""receptor occupancy placed at the spinal cord rather than the brain, GABA-B agonism where the circuit is and not where the side effects are"",""missing"":""target-site concentration measurement""}"
convection-enhanced-intraparenchymal-delivery-1vjattb,volume-of-distribution-of-an-infused-molecule-in-15m6ws5,INCREASES,C0347,increases,160,supported,animal-interventional,subcellular,rat,v0-10-modality-map,v0,false,,,,,"{""coupling"":""a sustained pressure gradient driving bulk flow, so distribution is set by infusion physics rather than by molecular diffusivity"",""ratios"":""distribution-to-infusion volume about 6:1 for 111In-transferrin and about 13:1 for 14C-sucrose"",""concentration"":""local concentrations orders of magnitude above achievable systemic levels"",""spread"":""centimetres rather than millimetres, with the large molecule more uniformly distributed at 24 h"",""corpus_gap"":""no human outcome data in this corpus""}"
inhaled-nitrous-oxide-0w46ovu,depression-severity-relative-to-placebo-0dmmu81,DECREASES,C0348,decreases,185,supported,human-interventional,clinical,human,v0-10-modality-map,v0,false,,,,,"{""design"":""phase 2 crossover trial"",""n"":""24 patients"",""dose"":""one-hour inhalations at 25% or 50%"",""efficacy"":""improvement versus placebo, P = 0.01, with no difference between concentrations, P = 0.58"",""safety"":""adverse events far fewer at 25%, P < 0.001"",""timing"":""separation from placebo emerged at weeks 1 and 2 rather than at 2 or 24 hours, so the outcome outlasts exposure by weeks"",""missing"":""a dose-response for efficacy, which saturated while side effects remained dose-dependent""}"
absence-of-any-cross-modality-comparative-source-0x0yalm,side-by-side-comparison-of-human-applicable-neur-003u2oe,CONFOUNDS,C0349,confounds,30;31,inferred,inferred,clinical,n/a,v0-10-modality-map,v0,true,,,,,"{""families"":""magnetic seizure therapy, epidural cortical stimulation as a therapy, intracortical microstimulation, tRNS, transcranial pulse stimulation, peripheral or organ-directed ultrasound, sensory entrainment, galvanic vestibular stimulation, transcranial static magnetic field stimulation, cortical cooling, and brain-computer interfaces with write-in stimulation"",""consequence"":""each row was assembled from that family's own sources rather than lifted from a review that had already placed it on shared axes"",""gap_pattern"":""of 33 placeholder cells, 15 are in the named-rival column and 5 in proposed primary coupling mechanism, while the evidence-base column has none""}"
invasiveness-of-a-modality-0e8mmoc,how-well-its-coupling-step-is-specified-0t6ikdw,CORRELATES_WITH,C0350,correlates_with,33;34;26;27,inferred,inferred,biophysical,n/a,v0-10-modality-map,v0,true,,,,,"{""result"":""no correspondence: the two best-specified coupling accounts sit at opposite ends of the invasiveness range"",""best_specified"":""an implanted electrode's activating function, where the driving term is the second spatial derivative of extracellular potential along a fibre, and a drug's receptor occupancy window measured in humans by PET"",""least_specified"":""the middle of the range, including low-intensity ultrasound with at least four candidate transducers and temporal interference with a modelled threshold two orders of magnitude above what is reachable""}"
a-safety-problem-rather-than-a-mechanism-1lnb1tk,every-transferable-dose-unit-in-the-modality-map-04kecs7,CONFOUNDS,C0351,confounds,85;16;17;19;260;261,inferred,inferred,clinical,n/a,v0-10-modality-map,v0,true,,,,,"{""units"":""equivalent minutes at 43 degrees C for thermal exposure, charge density with charge per phase for implanted electrodes, and the mechanical index for ultrasound"",""exception_that_shows_the_rule"":""the convulsive families, whose inherited units of charge, energy and multiples of seizure threshold are argued to be the wrong abstraction because placement and pulse width change outcome at constant charge""}"
baclofen-gaba-b-receptor-agonist-0r69jov,intrathecal-pump-infusion-1m7lpsy,DELIVERED_BY,C0400,delivered_by,163,supported,human-interventional,clinical,human,v0-11-pharmacology-as-neuromodulation,v0,false,,,,,"{""design"":""randomised double-blind crossover"",""n"":""20 patients with spinal spasticity from multiple sclerosis or spinal cord injury who had failed oral baclofen"",""maintenance"":""mean 19.2 months of pump infusion""}"
intrathecal-baclofen-infusion-1fgg0mw,muscle-tone-and-spasm-frequency-in-spinal-spasti-00aec2q,DECREASES,C0401,decreases,163,supported,human-interventional,clinical,human,v0-11-pharmacology-as-neuromodulation,v0,false,,,,,"{""n"":""20 patients"",""tone"":""substantially lowered in every patient"",""spasms"":""reduced in 18 of 19 affected patients"",""comparison"":""all had failed oral baclofen"",""note"":""oral dosing puts occupancy where the side effects are, intrathecal dosing where the circuit is""}"
pulsatile-plasma-levodopa-exposure-1r36smg,wearing-off-dyskinesia-and-the-long-duration-res-03gemas,INCREASES,C0402,increases,186,supported,human-observational,clinical,human,v0-11-pharmacology-as-neuromodulation,v0,false,,,,,"{""attributed_to"":""erratic plasma uptake and dose-to-dose variability rather than receptor pharmacology"",""principle"":""pulsatile and continuous exposure of the same receptors are different drives""}"
convection-enhanced-delivery-by-sustained-inters-1wkm3ll,volume-of-distribution-of-infused-solute-in-whit-005rb0m,INCREASES,C0403,increases,160,supported,animal-interventional,systemic,cat;macaque,v0-11-pharmacology-as-neuromodulation,v0,false,,,,,"{""transport"":""bulk flow replaces diffusion; solute carried centimetres rather than millimetres"",""scaling"":""volume of distribution linear in volume infused"",""In111_transferrin"":""about 6:1 distribution-to-infusion"",""C14_sucrose"":""about 13:1"",""local_concentration"":""orders of magnitude above achievable systemic levels"",""dose_parameters"":""infusion rate, volume, catheter placement, tissue hydraulic conductivity""}"
intranasal-delivery-1wwpzav,olfactory-and-trigeminal-pathways-with-perineura-074yepd,COUPLES_VIA,C0404,couples_via,161,contested,animal-observational,systemic,rat;mouse,v0-11-pharmacology-as-neuromodulation,v0,false,,,H-nose-to-brain-p1,H-nose-to-brain,"{""claim"":""routes to CNS tissue that skip the systemic circulation"",""cargo"":""proteins, gene vectors and cells""}"
intranasal-dosing-at-matched-systemic-exposure-1d5f2c8,drug-delivered-to-brain-targets-relative-to-intr-1v0ghkp,INCREASES,C0405,increases,162,contested,human-observational,systemic,human;rat,v0-11-pharmacology-as-neuromodulation,v0,false,null-result,pharmacokinetic criteria for a direct route not met,H-nose-to-brain-p2,H-nose-to-brain,"{""studies_appraised"":""roughly 100, mostly animal"",""adequately_designed"":""12"",""supportive"":""2, both in rats"",""human_pharmacokinetic_evidence"":""none"",""design_criteria"":""matched doses by the two routes, brain and plasma exposure measured in the same subjects"",""anatomy"":""human olfactory area proportionally far smaller than the rodent's""}"
flexibly-dosed-intranasal-esketamine-plus-a-new-0vcjb6j,madrs-score-in-treatment-resistant-depression-150ghj3,DECREASES,C0406,decreases,169,supported,human-interventional,clinical,human,v0-11-pharmacology-as-neuromodulation,v0,false,,,,,"{""trial"":""TRANSFORM-2"",""n"":""227"",""comparator"":""placebo spray plus a new oral antidepressant"",""endpoint"":""greater MADRS improvement by day 28""}"
blood-brain-barrier-passive-diffusion-plus-activ-1mrdpi2,drug-concentration-in-brain-extracellular-fluid-0oj19s7,GATES,C0407,gates,164,supported,consensus,systemic,human;rat,v0-11-pharmacology-as-neuromodulation,v0,false,,,,,"{""then"":""distribution between plasma, brain extracellular fluid and CSF"",""large_molecules"":""carrier-based strategies remain more promising""}"
disease-related-change-in-blood-brain-barrier-fu-013w6su,cns-drug-penetration-1ds1xek,MODULATES,C0408,modulates,164,supported,consensus,systemic,human;rat,v0-11-pharmacology-as-neuromodulation,v0,false,,,,,"{""direction"":""rarely yields large gains in penetration""}"
plasma-drug-concentration-0p2msam,receptor-site-concentration-in-brain-extracellul-015bivt,CORRELATES_WITH,C0409,correlates_with,164,supported,consensus,systemic,human;rat,v0-11-pharmacology-as-neuromodulation,v0,false,,,,,"{""relation"":""plasma concentration is not the dose and does not index target-site exposure""}"
systemically-injected-clozapine-n-oxide-1tl90mo,brain-parenchyma-0jpajnp,LOCATED_IN,C0410,located_in,29,contested,animal-interventional,molecular,rat;macaque,v0-11-pharmacology-as-neuromodulation,v0,false,,,H-dreadd-actuator-p2,H-dreadd-actuator,"{""finding"":""does not enter the brain"",""method"":""PET and pharmacology""}"
clozapine-the-in-vivo-metabolite-of-clozapine-n-0pkm48h,dreadd-designer-muscarinic-receptor-11xs1yq,BINDS,C0411,binds,29,contested,animal-interventional,molecular,rat;macaque,v0-11-pharmacology-as-neuromodulation,v0,false,,,H-dreadd-actuator-p2,H-dreadd-actuator,"{""finding"":""the designer receptors built for clozapine-N-oxide are occupied by its metabolite clozapine instead"",""method"":""PET and pharmacology""}"
in-vitro-receptor-affinity-0w5fcmu,in-vivo-target-engagement-of-the-administered-co-0mokx7a,CORRELATES_WITH,C0412,correlates_with,29;164,supported,consensus,molecular,human;rat;macaque,v0-11-pharmacology-as-neuromodulation,v0,false,,,,,"{""relation"":""affinity measured in a dish predicts nothing until exposure at the target is measured""}"
single-intravenous-ketamine-dose-1j5laod,25-item-hamilton-depression-score-within-72-h-1a6qq7a,DECREASES,C0413,decreases,165,supported,human-interventional,clinical,human,v0-11-pharmacology-as-neuromodulation,v0,false,,,,,"{""n"":""7 patients with major depression"",""dose"":""0.5 mg/kg intravenous"",""design"":""two randomised test days, ketamine or saline, each patient"",""effect"":""fall of about 14 points versus essentially no change after placebo"",""timescale"":""within 72 h""}"
single-intravenous-ketamine-dose-1j5laod,21-item-hamilton-depression-score-in-treatment-r-1qw0vcx,DECREASES,C0414,decreases,166,supported,human-interventional,clinical,human,v0-11-pharmacology-as-neuromodulation,v0,false,,,,,"{""n"":""18 patients with treatment-resistant major depression"",""dose"":""0.5 mg/kg intravenous"",""onset"":""within 110 minutes"",""duration"":""persisting about a week"",""response_day1"":""71%"",""remission_day1"":""29%""}"
ketamine-18wc57v,a-mechanism-that-outlasts-receptor-occupancy-0sazqns,COUPLES_VIA,C0415,couples_via,166,inferred,inferred,molecular,human,v0-11-pharmacology-as-neuromodulation,v0,true,,,,,"{""inference"":""an effect outlasting clearance by days cannot be carried by continuing occupancy"",""observed_duration"":""antidepressant response persisting about a week after a single dose""}"
ketamine-18wc57v,mtor-signalling-in-prefrontal-cortex-0ml8kiu,ACTIVATES,C0416,activates,115,supported,animal-interventional,molecular,rat,v0-11-pharmacology-as-neuromodulation,v0,false,,,,,"{""timescale"":""rapid"",""accompanied_by"":""raised synaptic signalling proteins""}"
ketamine-18wc57v,number-and-function-of-dendritic-spines-in-prefr-1bav3xi,INCREASES,C0417,increases,115,supported,animal-interventional,subcellular,rat,v0-11-pharmacology-as-neuromodulation,v0,false,,,,,
mtor-signalling-1bnuk21,ketamine-induced-synaptogenesis-and-antidepressa-1943v27,REQUIRED_FOR,C0418,required_for,115,supported,animal-interventional,molecular,rat,v0-11-pharmacology-as-neuromodulation,v0,false,,,,,"{""manipulation"":""rapamycin blocked both the synaptogenesis and the antidepressant-like behaviour""}"
ketamine-18wc57v,eef2-kinase-1k9xlzs,INHIBITS,C0419,inhibits,116,supported,animal-interventional,molecular,mouse,v0-11-pharmacology-as-neuromodulation,v0,false,,,,,"{""context"":""NMDA receptor blockade at rest""}"
eef2-kinase-deactivation-00kf7i1,bdnf-translation-0cwzxw4,INCREASES,C0420,increases,116,supported,animal-interventional,molecular,mouse,v0-11-pharmacology-as-neuromodulation,v0,false,,,,,"{""timescale"":""rapid"",""role"":""a partly competing rodent account of the same drive""}"
2r-6r-hydroxynorketamine-1ggftcl,antidepressant-like-behaviour-0cxfmqh,MODULATES,C0421,modulates,117,contested,animal-interventional,behavioural,mouse,v0-11-pharmacology-as-neuromodulation,v0,false,,,H-hnk-active-species-p1,H-hnk-active-species,"{""nmda_receptor_inhibition"":""not required"",""side_effects"":""without ketamine's side-effect profile""}"
ampa-receptor-activation-199muiq,2r-6r-hydroxynorketamine-antidepressant-like-beh-11sqomd,REQUIRED_FOR,C0422,required_for,117,contested,animal-interventional,molecular,mouse,v0-11-pharmacology-as-neuromodulation,v0,false,,,H-hnk-active-species-p1,H-hnk-active-species,
2r-6r-hydroxynorketamine-1ggftcl,known-or-proposed-ketamine-target-proteins-1yp2g8c,BINDS,C0423,binds,167,contested,in-vitro,molecular,human;mouse,v0-11-pharmacology-as-neuromodulation,v0,false,null-result,no direct target found in the screen,H-hnk-active-species-p2,H-hnk-active-species,"{""screen"":""binding and function against thousands of human proteins"",""result"":""binds none of the known or proposed ketamine targets; no other direct protein interaction identified"",""behaviour"":""antidepressant-like activity retained"",""authors"":""leave efficacy to clinical trials"",""method"":""target deconvolution""}"
downstream-nmda-receptor-activation-1mseg8j,antidepressant-like-effect-of-ketamine-2r-6r-hyd-1hqb1yi,REQUIRED_FOR,C0424,required_for,168,contested,animal-interventional,molecular,mouse,v0-11-pharmacology-as-neuromodulation,v0,false,,,H-hnk-active-species-p3,H-hnk-active-species,"{""pretreatment"":""MK-801 or CPP abolished the behavioural effect of all four compounds"",""sex"":""male mice"",""reading"":""a shared requirement for downstream NMDA receptor activation""}"
ketamine-dose-02f83lb,antidepressant-like-behaviour-0cxfmqh,MODULATES,C0425,modulates,168,supported,animal-interventional,behavioural,mouse,v0-11-pharmacology-as-neuromodulation,v0,false,,,,,"{""shape"":""inverted-U dose-response"",""effective"":""10 mg/kg"",""ineffective"":""higher doses"",""sex"":""male mice""}"
single-one-hour-inhaled-nitrous-oxide-1a8s593,hdrs-21-score-in-severe-treatment-resistant-depr-1eima97,DECREASES,C0426,decreases,185,supported,human-interventional,clinical,human,v0-11-pharmacology-as-neuromodulation,v0,false,,,,,"{""n"":""24 patients"",""arms"":""50% nitrous oxide, 25% nitrous oxide, placebo air-oxygen"",""versus_placebo"":""P = 0.01"",""between_concentrations"":""P = 0.58"",""timescale"":""separation at weeks 1 and 2, not at 2 or 24 hours"",""adverse_events"":""fell sharply at 25% (P < 0.001)""}"
chronic-monoaminergic-antidepressant-treatment-10so361,emotional-and-social-information-processing-and-1o1vcya,MODULATES,C0427,modulates,187,contested,human-observational,behavioural,human,v0-11-pharmacology-as-neuromodulation,v0,false,,,H-serotonin-premise-p2,H-serotonin-premise,"{""locus_of_delay"":""the middle links rather than receptor occupancy"",""explains"":""delay to clinical onset and reversal of heterogeneous symptoms"",""deficit_required"":""none""}"
serotonin-metabolite-concentration-and-transport-138dp9t,depression-01ktf3d,CORRELATES_WITH,C0428,correlates_with,188,contested,human-observational,clinical,human,v0-11-pharmacology-as-neuromodulation,v0,false,,,H-serotonin-premise-p1,H-serotonin-premise,"{""design"":""umbrella review of 17 systematic reviews, meta-analyses and large cohort or genetic studies, searched to December 2020"",""gene_association_n"":""115,257 and 43,165"",""finding"":""no association; no transporter-genotype by stress interaction"",""conclusion"":""no support for depression being caused by lowered serotonin"",""caveat"":""replies in the same journal contest its methods""}"
ketamine-as-administered-1uxw6y1,three-rival-drive-to-molecular-endpoint-routes-t-1f8muh0,COUPLES_VIA,C0429,couples_via,115;116;117;167;168,inferred,inferred,molecular,mouse;rat;human,v0-11-pharmacology-as-neuromodulation,v0,true,,,,,"{""inference"":""naming an active species is not bookkeeping, because the three are different edges from drive to molecular endpoint"",""shape"":""rival mechanisms each strongest in a different preparation, with human data unable to discriminate""}"
classic-serotonergic-psychedelics-1sw62g6,5-ht2a-receptors-on-layer-v-pyramidal-apical-den-0p5jao8,ACTIVATES,C0430,activates,172,supported,consensus,molecular,human;rat,v0-11-pharmacology-as-neuromodulation,v0,false,,,,,"{""role"":""the first link of the standard chain""}"
psilocybin-or-lsd-1rig262,oscillatory-power-in-default-mode-network-region-080cpi2,DECREASES,C0431,decreases,172,supported,human-interventional,circuit,human,v0-11-pharmacology-as-neuromodulation,v0,false,,,,,"{""method"":""human imaging""}"
intracellular-rather-than-cell-surface-5-ht2a-re-0j77urp,psychedelic-induced-cortical-plasticity-1wk671u,REQUIRED_FOR,C0432,required_for,92,supported,animal-interventional,subcellular,rat;mouse,v0-11-pharmacology-as-neuromodulation,v0,false,,,,,"{""preparation"":""rodent and in vitro work"",""implication"":""the same agonist at the same receptor acts differently inside the cell and at the surface""}"
presynaptic-5-ht2a-receptors-on-anterior-thalami-10hbr1v,long-lasting-psychedelic-induced-synaptic-streng-0u4i567,REQUIRED_FOR,C0433,required_for,174,contested,animal-interventional,cellular,mouse,v0-11-pharmacology-as-neuromodulation,v0,false,,,H-5ht2a-necessity-p2,H-5ht2a-necessity,"{""preparation"":""CRISPR-engineered knockout mice and slice physiology"",""target_region"":""granular retrosplenial cortex, whose neurons lack postsynaptic 5-HT2A receptors"",""principle"":""a receptor-expression map is not a map of where the drug acts""}"
anterior-thalamic-neurons-1jny5wq,granular-retrosplenial-cortex-1oy5u66,PROJECTS_TO,C0434,projects_to,174,supported,animal-interventional,circuit,mouse,v0-11-pharmacology-as-neuromodulation,v0,false,,,,,"{""carries"":""presynaptic 5-HT2A receptors on the projecting axons""}"
postsynaptic-5-ht2a-receptor-signalling-0ahp9vf,psychedelic-induced-plasticity-and-antidepressan-0txb8xv,REQUIRED_FOR,C0435,required_for,173,contested,consensus,molecular,human;mouse,v0-11-pharmacology-as-neuromodulation,v0,false,,,H-5ht2a-necessity-p1,H-5ht2a-necessity,"{""separated_questions"":""necessity for the hallucinogenic effect and necessity for the plasticity and antidepressant effects"",""assessment"":""the second assessed critically""}"
single-25-mg-dose-of-psilocybin-with-psychologic-09gw4zx,madrs-score-in-major-depressive-disorder-10ouicq,DECREASES,C0436,decreases,177,supported,human-interventional,clinical,human,v0-11-pharmacology-as-neuromodulation,v0,false,,,,,"{""phase"":""2"",""n"":""104 adults"",""comparator"":""100 mg niacin as active placebo, both with psychological support"",""effect"":""12.3-point greater MADRS reduction to day 43"",""p"":""< .001""}"
specific-subjective-features-of-the-psychedelic-1sl8y4b,therapeutic-outcome-1ovs5vf,CORRELATES_WITH,C0437,correlates_with,175,contested,human-observational,behavioural,human,v0-11-pharmacology-as-neuromodulation,v0,false,,,H-subjective-experience-p1,H-subjective-experience,"{""control"":""overall drug intensity statistically controlled"",""claim"":""neurobiological mechanisms necessary but not sufficient"",""scope"":""across human studies""}"
the-subjective-psychedelic-experience-01k62an,lasting-change-in-mood-and-behaviour-0uzciq9,REQUIRED_FOR,C0438,required_for,176,contested,consensus,behavioural,human;mouse,v0-11-pharmacology-as-neuromodulation,v0,false,null-result,association not required for the antidepressant effect,H-subjective-experience-p2,H-subjective-experience,"{""finding"":""not required; the experience-to-outcome link is largely correlational"",""stake"":""decisive for non-hallucinogenic analogues""}"
pregnane-neurosteroids-0e0lcbj,gaba-a-receptor-function-13d88k8,INCREASES,C0439,increases,179,supported,consensus,molecular,rat;human,v0-11-pharmacology-as-neuromodulation,v0,false,,,,,"{""action"":""direct and non-genomic"",""potency"":""potent and selective"",""framing"":""a drug as a gain change rather than an input""}"
neurosteroid-1n7b6wm,circulating-endocrine-messenger-route-or-local-n-0b7kij9,DELIVERED_BY,C0440,delivered_by,179,supported,consensus,systemic,rat;human,v0-11-pharmacology-as-neuromodulation,v0,false,,,,,"{""consequence"":""one molecule can be a systemic or a local drive""}"
brexanolone-intravenous-allopregnanolone-by-sing-1yniazm,hamilton-depression-score-in-moderate-to-severe-149pw2d,DECREASES,C0441,decreases,180,supported,human-interventional,clinical,human,v0-11-pharmacology-as-neuromodulation,v0,false,,,,,"{""trials"":""two phase 3 trials in women"",""schedule"":""single 60-hour infusion"",""endpoint"":""Hamilton reduction at 60 h"",""study_2"":""14.6 versus 12.1 points against placebo""}"
oral-zuranolone-50-mg-once-daily-for-14-days-16q7okx,17-item-hamilton-depression-score-in-severe-post-11hyotv,DECREASES,C0442,decreases,181,supported,human-interventional,clinical,human,v0-11-pharmacology-as-neuromodulation,v0,false,,,,,"{""n"":""196 women"",""effect"":""least-squares mean difference -4.0 at day 15"",""ci"":""95% CI -6.3 to -1.7"",""durability"":""maintained to day 45""}"
neurosteroid-gaba-a-positive-allosteric-modulato-0q1h1lw,patient-reported-maternal-functioning-at-day-45-07ei968,MODULATES,C0443,modulates,182,supported,human-interventional,clinical,human,v0-11-pharmacology-as-neuromodulation,v0,false,,,,,"{""review"":""Cochrane review of five studies in 349 women"",""certainty"":""low, from one trial"",""quality_of_life"":""assessed by none of the trials"",""mechanism"":""distinct mechanism confirmed"",""conclusion"":""insufficient to recommend these drugs over existing treatments""}"
chemically-diverse-general-anaesthetics-1ggzxhv,a-small-number-of-molecular-targets-14823w7,BINDS,C0444,binds,183,supported,consensus,molecular,rat;human,v0-11-pharmacology-as-neuromodulation,v0,false,,,,,
general-anaesthetics-06oau06,endogenous-sleep-and-arousal-circuitry-with-the-1sglo17,COUPLES_VIA,C0445,couples_via,183,supported,consensus,circuit,rat;human,v0-11-pharmacology-as-neuromodulation,v0,false,,,,,"{""endpoint"":""reversible loss of consciousness"",""framing"":""the most complete reversible whole-brain case""}"
receptor-identity-of-a-stimulation-induced-plast-19s2daw,pharmacological-challenge-with-a-receptor-select-02eh9qo,MEASURED_BY,C0446,measured_by,189,supported,consensus,molecular,human,v0-11-pharmacology-as-neuromodulation,v0,false,,,,,"{""consequence"":""drug-plus-device studies are measurement instruments first""}"
d-cycloserine-100-mg-added-to-intermittent-theta-0ub4vwm,madrs-score-in-major-depressive-disorder-10ouicq,DECREASES,C0447,decreases,190,supported,human-interventional,clinical,human,v0-11-pharmacology-as-neuromodulation,v0,false,,,,,"{""n"":""50 participants"",""protocol"":""four weeks of iTBS with D-cycloserine 100 mg, an NMDA receptor partial agonist, for the first two weeks, or placebo"",""effect"":""6.15-point greater MADRS reduction"",""hedges_g"":""0.99"",""response"":""73.9% versus 29.3%"",""remission"":""39.1% versus 4.2%""}"
nmda-receptor-07wq0nr,antidepressant-response-to-intermittent-theta-bu-1njveyh,GATES,C0448,gates,189;190,inferred,inferred,molecular,human,v0-11-pharmacology-as-neuromodulation,v0,true,,,,,"{""inference"":""a drug acting on the receptor that gates stimulation-induced plasticity composes with the device at the shared molecular endpoint node""}"
vagus-nerve-stimulation-paired-with-a-jaw-moveme-0294zws,jaw-representation-area-on-intracortical-microst-1rjyqdk,INCREASES,C0449,increases,142,supported,animal-interventional,circuit,rat,v0-11-pharmacology-as-neuromodulation,v0,false,,,,,"{""group"":""saline-dosed control showed the expected VNS-dependent expansion""}"
oxybutynin-prazosin-or-duloxetine-at-clinically-1tdlczs,vns-paired-expansion-of-the-jaw-representation-i-0kvfh7v,INHIBITS,C0450,inhibits,142,supported,animal-interventional,circuit,rat,v0-11-pharmacology-as-neuromodulation,v0,false,null-result,none of the three antagonists blocked the effect,,,"{""result"":""none of the three drugs blocked the expansion"",""readout"":""intracortical microstimulation mapping"",""implication"":""receptor dependence does not generalise to every neuromodulator system""}"
intravenous-ketamine-0-5-mg-kg-twice-weekly-1d4onip,qids-sr-16-self-reported-depression-score-versus-0yxg2v1,DECREASES,C0451,decreases,170,contested,human-interventional,clinical,human,v0-11-pharmacology-as-neuromodulation,v0,false,,,H-ketamine-vs-ect-p2,H-ketamine-vs-ect,"{""design"":""open-label randomised non-inferiority trial"",""n"":""403 outpatients"",""comparator"":""ECT three times weekly for three weeks"",""endpoint"":""QIDS-SR-16 response"",""response"":""55.4% ketamine versus 41.2% ECT"",""result"":""non-inferiority met"",""harms"":""early memory decline after ECT that recovered later""}"
thrice-weekly-racemic-ketamine-1wcjtvb,clinician-rated-remission-rate-versus-electrocon-0cayd5u,DECREASES,C0452,decreases,171,contested,human-interventional,clinical,human,v0-11-pharmacology-as-neuromodulation,v0,false,,,H-ketamine-vs-ect-p1,H-ketamine-vs-ect,"{""design"":""comparable open-label randomised non-inferiority design"",""population"":""hospitalised patients with unipolar depression"",""endpoint"":""remission"",""remission"":""63% ECT versus 46% ketamine"",""result"":""non-inferiority not established"",""sessions"":""median of six in both arms""}"
difference-in-setting-severity-and-endpoint-betw-0u0o761,comparative-efficacy-of-ketamine-against-electro-1eunthz,CONFOUNDS,C0453,confounds,170;171,inferred,inferred,clinical,human,v0-11-pharmacology-as-neuromodulation,v0,true,,,,,"{""differences"":""outpatient against hospitalised, self-reported response against clinician-rated remission"",""inference"":""the comparison is conditional on setting and endpoint, not a property of the two modalities""}"
measuring-only-the-drive-and-the-outcome-leaving-011xzwy,causal-claim-running-from-induced-field-through-1sz0pqt,CONFOUNDS,C0454,confounds,199,supported,consensus,systemic,human,v0-12-methods-and-confounds,v0,false,,,,,"{""chain"":""induced field acts on local tissue, local effect spreads through a network, network change alters behaviour"",""remedy"":""confounds listed step by step for each link""}"
sham-tms-treated-as-an-inert-control-0eavqyt,behavioural-effect-attributed-to-active-tms-05ulm6z,CONFOUNDS,C0455,confounds,198,supported,consensus,behavioural,human,v0-12-methods-and-confounds,v0,false,,,,,"{""reason"":""sham TMS can have specific behavioural effects of its own"",""remedy"":""sham belongs alongside active controls at another site or time rather than instead of them""}"
uncontrolled-brain-state-at-the-moment-of-stimul-1h0ry0z,after-effect-of-a-fixed-tms-protocol-on-motor-ev-04njw6g,CONFOUNDS,C0456,confounds,137,supported,human-interventional,cellular,human,v0-12-methods-and-confounds,v0,false,,,,,"{""finding"":""the same triple-pulse TMS bursts produced LTP-like MEP potentiation when locked to the negative peak of the mu rhythm and no change at the positive peak"",""tms_eeg"":""TMS-EEG measures did not show a matching change"",""replication"":""cross-lab replication is thin""}"
target-defined-by-nominal-coil-position-rather-t-1a4w1op,association-between-stimulation-site-to-subgenua-13mobv0,CONFOUNDS,C0457,confounds,130,supported,human-observational,circuit,human,v0-12-methods-and-confounds,v0,false,,,,,"{""n"":""295 rTMS patients"",""r"":""about -0.16"",""detectability"":""only when the site was defined by electric-field modelling""}"
sham-tdcs-protocol-that-is-not-physiologically-i-14ueoye,tdcs-after-effect-attributed-to-active-stimulati-07n869v,CONFOUNDS,C0458,confounds,195,contested,consensus,behavioural,human,v0-12-methods-and-confounds,v0,false,,,H-sham-inertness-p2,H-sham-inertness,"{""finding"":""the sham tDCS protocols in use differ in more than sensation, so some may have biological effects of their own"",""consequence"":""the choice of sham is a source of irreproducibility""}"
ramp-only-sham-tdcs-ramping-current-up-and-down-0tvyd59,inertness-and-perceptual-credibility-of-the-tdcs-0g8zeya,CONFOUNDS,C0459,confounds,196,contested,consensus,behavioural,human,v0-12-methods-and-confounds,v0,false,,,H-sham-inertness-p1,H-sham-inertness,"{""review_window"":""sham tDCS protocols from 2010 to 2024"",""finding"":""may be neither physiologically inert nor perceptually convincing during the session"",""status_in_prose"":""whether short ramp shams are inert remains contested [195,196]""}"
participants-end-of-study-guesses-about-allocati-1lxup2l,actual-allocation-to-active-or-sham-rtms-02cx2cu,CORRELATES_WITH,C0460,correlates_with,197,supported,human-interventional,clinical,human,v0-12-methods-and-confounds,v0,false,,,,,"{""trials"":""7 sham-controlled rTMS trials for depression"",""n"":""489"",""finding"":""guesses did not differ between active and sham arms"",""judgement"":""blinding adequate""}"
blinding-check-made-at-the-end-of-a-study-rather-0kb64h8,estimated-blinding-integrity-of-a-stimulation-tr-0tnegpw,CONFOUNDS,C0461,confounds,196,supported,consensus,clinical,human,v0-12-methods-and-confounds,v0,false,,,,,"{""argument"":""end-of-study checks overestimate how well masking worked, while checks during stimulation reveal perceptual differences""}"
effective-unblinding-by-unmistakable-acute-drug-15anhwp,effect-sizes-reported-in-psychedelic-and-ketamin-0eg5pvl,CONFOUNDS,C0462,confounds,178,supported,human-observational,clinical,human,v0-12-methods-and-confounds,v0,false,,,,,"{""search"":""psychedelic and ketamine trials from 1990 to November 2020"",""reporting"":""generally reported neither pre-trial expectancy nor blinding success"",""conclusion"":""participants are effectively unblinded and effect sizes are likely overestimates""}"
blinding-integrity-in-a-psilocybin-depression-tr-0kkhu73,active-placebo-comparator-100-mg-niacin-0dmx40u,MEASURED_BY,C0463,measured_by,177,supported,human-interventional,clinical,human,v0-12-methods-and-confounds,v0,false,,,,,"{""role"":""one response to the effective-unblinding problem""}"
somatosensory-and-auditory-co-stimulation-by-tms-01q27ww,effects-attributed-to-the-transcranially-induced-0xia0dk,CONFOUNDS,C0464,confounds,41,supported,consensus,systemic,human,v0-12-methods-and-confounds,v0,false,,,,,"{""magnitude"":""substantial, and must be controlled for"",""framing"":""every non-invasive drive also stimulates the scalp, the ear or peripheral nerves""}"
auditory-pathway-activation-by-transcranial-ultr-0tps8y2,widespread-cortical-and-subcortical-activation-a-0evwx6q,CONFOUNDS,C0465,confounds,74,contested,animal-interventional,circuit,guinea pig,v0-12-methods-and-confounds,v0,false,,,H-tus-confound-p1,H-tus-confound,"{""manipulation"":""auditory nerve transection or cochlear fluid removal"",""result"":""the activation disappeared""}"
auditory-pathway-activation-by-transcranial-ultr-0tps8y2,ultrasound-evoked-cortical-activity-and-startle-06yoswn,CONFOUNDS,C0466,confounds,75,contested,animal-interventional,circuit,mouse,v0-12-methods-and-confounds,v0,false,,,H-tus-confound-p1,H-tus-confound,"{""method"":""wide-field calcium imaging"",""similarity"":""ultrasound-evoked cortical activity resembled the response to audible sound"",""behaviour"":""both produced startle-like motor responses"",""manipulation"":""chemical deafening reduced both""}"
sharp-edged-rectangular-ultrasound-pulse-envelop-1dv8ehc,auditory-pathway-indexed-by-the-auditory-brainst-0n01izu,ACTIVATES,C0467,activates,76,contested,animal-interventional,circuit,mouse,v0-12-methods-and-confounds,v0,false,,,H-tus-confound-p2,H-tus-confound,"{""smoothed_envelope"":""removed the auditory brainstem response and left the EMG motor response intact"",""deaf_mice"":""genetically deaf mice responded like hearing mice"",""reading"":""the confound is a pulse-edge transient that can be engineered away""}"
peripheral-auditory-stimulation-by-1000-hz-pulse-15hihex,ultrasound-induced-inhibition-of-tms-evoked-moto-156anik,CONFOUNDS,C0468,confounds,77,contested,human-interventional,circuit,human,v0-12-methods-and-confounds,v0,false,,,H-tus-confound-p1,H-tus-confound,"{""design"":""four experiments at three institutions, one preregistered"",""pulse_repetition_frequency"":""1000 Hz"",""manipulations"":""intensity, duration and auditory masking"",""replication"":""the reported motor inhibition replicated but tracked auditory stimulation"",""implication"":""earlier work using only a flip-over sham needs reinterpretation""}"
tactile-thermal-and-painful-scalp-sensation-from-0g6czwy,effects-attributed-to-focal-transcranial-ultraso-033bzci,CONFOUNDS,C0469,confounds,78,supported,human-interventional,systemic,human,v0-12-methods-and-confounds,v0,false,,,,,"{""n"":""25 participants"",""design"":""preregistered follow-up"",""mitigation"":""avoiding near-field scalp intensity peaks, spreading energy, ramping pulses, using longer lower-intensity pulses""}"
transcutaneous-stimulation-of-scalp-afferents-by-0gdtmfx,tacs-entrainment-of-motor-output-measured-as-tre-0e1on38,CONFOUNDS,C0470,confounds,54,contested,human-interventional,circuit,rat;human,v0-12-methods-and-confounds,v0,false,,,H-tes-entrainment-p2,H-tes-entrainment,"{""argument"":""cortical tACS fields are too weak for direct activation while skin fields are much stronger"",""anaesthesia"":""anaesthetising the skin reduced tACS-induced tremor entrainment"",""peripheral_only"":""peripheral nerve stimulation alone reproduced the motor effects""}"
transcranial-alternating-current-stimulation-1csl9x1,spike-entrainment-in-macaque-hippocampus-and-vis-08s42az,MODULATES,C0471,modulates,55,contested,animal-interventional,cellular,macaque,v0-12-methods-and-confounds,v0,false,,,H-tes-entrainment-p1,H-tes-entrainment,"{""control"":""neurons stayed entrained after topical anaesthesia blocked somatosensory input""}"
a-peripheral-scalp-route-and-a-direct-cortical-r-1hlranx,motor-and-single-neuron-effects-of-tacs-0vuvnjr,MODULATES,C0472,modulates,54;55,inferred,inferred,circuit,rat;human;macaque,v0-12-methods-and-confounds,v0,true,,,,,"{""inference"":""the two tACS results need not conflict: a peripheral route can produce a human motor effect while a direct route entrains macaque neurons"",""test"":""block or match the peripheral input and see what survives""}"
corticospinal-excitability-1o9kehu,motor-evoked-potential-with-motor-threshold-inpu-0zlu91n,MEASURED_BY,C0473,measured_by,200,supported,consensus,systemic,human,v0-12-methods-and-confounds,v0,false,,,,,"{""source"":""IFCN procedural reference defining the standard measures"",""role"":""the workhorse readout""}"
peripheral-auditory-and-somatosensory-input-duri-0b104mc,tms-evoked-eeg-potential-0tiu8ev,CONFOUNDS,C0474,confounds,202,contested,human-interventional,circuit,human,v0-12-methods-and-confounds,v0,false,,,H-tep-origin-p1,H-tep-origin,"{""sham"":""realistic sham mimicking the sound and scalp sensation of TMS"",""result"":""evoked EEG responses closely resembling those to real TMS at early and late latencies"",""controls_present"":""noise masking and foam padding""}"
real-transcranial-magnetic-stimulation-0w4kthr,early-tep-components-and-beta-band-eeg-responses-1k37dux,ACTIVATES,C0475,activates,203,contested,human-interventional,circuit,human,v0-12-methods-and-confounds,v0,false,,,H-tep-origin-p2,H-tep-origin,"{""controls"":""optimised sham, noise masking, a second coil stacked on the real one, electrical scalp stimulation to saturate touch"",""result"":""subtraction left early components and beta-band responses that occurred only with real TMS"",""dispute"":""turns on whether a sham can match real TMS closely enough for subtraction to be valid""}"
peripheral-sensory-contamination-of-tms-eeg-reco-1pyu6ap,interpretation-of-tms-eeg-measures-1t13fp3,CONFOUNDS,C0476,confounds,201,supported,consensus,systemic,human,v0-12-methods-and-confounds,v0,false,,,,,"{""source"":""2023 TMS-EEG consensus lists it as an open problem""}"
pupil-diameter-01l3jgq,locus-coeruleus-spike-count-0sm3d2j,CORRELATES_WITH,C0477,correlates_with,144,contested,animal-interventional,cellular,mouse,v0-12-methods-and-confounds,v0,false,,,H-tavns-engagement-p3,H-tavns-engagement,"{""relation"":""pupil dilation rose monotonically with locus coeruleus spike count"",""limit"":""predicted only a small fraction of moment-to-moment LC activity"",""state"":""itself state-dependent""}"
whole-chain-efficacy-testing-without-target-veri-0ly17ok,attribution-of-a-null-trial-result-to-a-particul-05pri3f,CONFOUNDS,C0478,confounds,199,supported,consensus,clinical,human,v0-12-methods-and-confounds,v0,false,,,,,"{""argument"":""an efficacy trial tests the whole chain at once, so a null cannot say which link failed"",""remedy"":""target verification means showing the local and network steps too""}"
continuous-cymba-conchae-tavns-just-below-pain-t-0g49fz4,pupil-dilation-cortisol-and-salivary-alpha-amyla-0oq57jn,MODULATES,C0479,modulates,145,contested,human-interventional,systemic,human,v0-12-methods-and-confounds,v0,false,,,H-tavns-engagement-p1,H-tavns-engagement,"{""n"":""66 healthy adults"",""comparator"":""earlobe sham"",""result"":""all three left unchanged""}"
pulsed-tavns-1q0d891,pupil-dilation-as-a-noradrenergic-engagement-pro-11hlq7i,INCREASES,C0480,increases,146,contested,human-interventional,systemic,human,v0-12-methods-and-confounds,v0,false,,,H-tavns-engagement-p2,H-tavns-engagement,"{""design"":""living Bayesian meta-analysis of 18 studies"",""N"":""771"",""overall"":""g = 0.15, BF01 = 1.0 (anecdotal)"",""pulsed"":""g = 0.36, BF10 = 50.8 (strong evidence for an effect)"",""continuous"":""g = 0.002, BF01 = 21.9 (strong evidence for the null)"",""conclusion"":""engagement depends on the waveform""}"
incomplete-reporting-against-the-contes-concurre-0s1333n,interpretation-of-concurrent-tes-fmri-target-eng-1ujxtvs,CONFOUNDS,C0481,confounds,194,supported,consensus,systemic,human,v0-12-methods-and-confounds,v0,false,,,,,"{""checklist"":""two-phase Delphi process producing 17 essential items and 42 further recommendations"",""audit"":""57 published studies met about 53% of items on average""}"
paired-associative-stimulation-anodal-tdcs-and-i-013ev6m,corticospinal-excitability-in-the-textbook-direc-044n4gd,MODULATES,C0482,modulates,204,supported,human-interventional,cellular,human,v0-12-methods-and-confounds,v0,false,,,,,"{""n"":""56 healthy adults"",""responders"":""39% PAS, 45% anodal tDCS, 43% iTBS"",""cross_protocol"":""response to one protocol did not predict response to another""}"
late-i-wave-recruitment-indexed-by-mep-latency-w-14oj19x,variability-of-theta-burst-stimulation-after-eff-0bwb2u1,CORRELATES_WITH,C0483,correlates_with,38;59,supported,human-interventional,cellular,human,v0-12-methods-and-confounds,v0,false,,,,,"{""n"":""56 adults"",""original_claim"":""theta-burst stimulation introduced as producing reproducible excitability changes from 20-190 s of stimulation"",""observed"":""after-effects varied widely instead""}"
within-person-instability-of-motor-cortex-rtms-a-1oe6det,claims-resting-on-a-single-session-of-rtms-after-1c1z2nn,CONFOUNDS,C0484,confounds,205,supported,human-interventional,cellular,human,v0-12-methods-and-confounds,v0,false,,,,,"{""studies"":""15"",""participants"":""291"",""test_retest_r"":""0.10-0.55"",""ICC"":""0.29-0.70"",""comparison"":""no protocol significantly more reliable than another""}"
undocumented-methodological-practice-in-electric-1amadtx,reproducibility-of-published-stimulation-results-0f3guen,CONFOUNDS,C0485,confounds,206,supported,human-observational,systemic,human,v0-12-methods-and-confounds,v0,false,,,,,"{""survey"":""only about 45-50% of electrical brain stimulation researchers said they could routinely reproduce published results"",""audit"":""the rigorous practices they reported were rarely documented in papers""}"
low-statistical-power-00m9bxh,published-effect-size-estimates-and-the-truth-of-1fisejc,CONFOUNDS,C0486,confounds,207,supported,consensus,systemic,,v0-12-methods-and-confounds,v0,false,,,,,"{""effects"":""lowers the chance of detecting true effects, lowers the chance that a significant result is true, and inflates effect sizes""}"
incomplete-ultrasound-parameter-reporting-and-se-1mxy4x7,pooled-estimate-of-human-transcranial-ultrasound-1exo91l,CONFOUNDS,C0487,confounds,79,supported,human-observational,systemic,human,v0-12-methods-and-confounds,v0,false,,,,,"{""meta_analysis"":""tentative meta-analysis of 32 studies"",""named_by"":""the repository's own authors"",""repository"":""inTUS parameters-and-outcomes table acting as a de facto schema""}"
auditory-confound-carried-by-the-input-studies-o-07p59o0,pooled-human-transcranial-ultrasound-meta-analyt-1x43hdv,CONFOUNDS,C0488,confounds,77;79,inferred,inferred,systemic,human,v0-12-methods-and-confounds,v0,true,,,,,"{""inference"":""a pooled estimate inherits whatever confound its inputs carried, so the graph should record that dependency and not only the pooled number""}"
claim-from-an-unblinded-or-sham-inadequate-study-0nv5h82,any-merged-or-pooled-effect-estimate-it-enters-0u0rq92,CONFOUNDS,C0489,confounds,178;196,inferred,inferred,systemic,human,v0-12-methods-and-confounds,v0,true,,,,,"{""rule"":""such a claim carries a flag so it can be filtered or down-weighted and is never merged with a controlled one""}"
strength-of-a-clinical-recommendation-1tja1k6,certainty-of-the-evidence-for-the-effect-0gq1j9a,CORRELATES_WITH,C0490,correlates_with,208,supported,consensus,clinical,,v0-13-evidence-and-translation,v0,false,,,,,"{""framework"":""GRADE rates the two separately"",""motivation"":""introduced because guideline developers graded evidence inconsistently""}"
repetitive-tms-against-sham-in-graded-indication-0yihij0,clinical-outcome-on-the-european-guideline-lette-0irmu0h,MODULATES,C0491,modulates,209,supported,human-interventional,clinical,human,v0-13-evidence-and-translation,v0,false,,,,,"{""level_A_definite_efficacy"":""high-frequency rTMS of M1 for neuropathic pain; high-frequency rTMS of left dorsolateral prefrontal cortex for depression; low-frequency rTMS for hand motor recovery after stroke"",""level_B"":""Parkinson's disease, fibromyalgia, spasticity in multiple sclerosis, PTSD"",""comparator"":""sham"",""note"":""the field mostly does not use GRADE""}"
transcranial-direct-current-stimulation-11jlof5,clinical-outcome-in-guideline-graded-indications-17dmzku,MODULATES,C0492,modulates,210,supported,human-interventional,clinical,human,v0-13-evidence-and-translation,v0,false,,,,,"{""definitely_effective"":""depression and neuropathic pain"",""elsewhere"":""probably or possibly effective"",""effect_sizes"":""small to moderate"",""durability"":""benefits often did not last""}"
guideline-evidence-level-for-a-drive-to-outcome-03xlobw,confidence-in-the-coupling-cellular-or-molecular-09t7uo0,CORRELATES_WITH,C0493,correlates_with,208;209;210,inferred,inferred,clinical,human,v0-13-evidence-and-translation,v0,true,,,,,"{""inference"":""a level A is a statement about one edge - drive to outcome, in one indication, against sham, with the protocol fixed"",""consequence"":""it licenses no mechanistic story about why the outcome moved, and a graph that reads the letter as confidence in a mechanism has mistranslated it""}"
regulatory-approval-of-a-drug-1jh866a,graded-certainty-of-the-evidence-for-it-1925jva,CORRELATES_WITH,C0494,correlates_with,182,supported,human-interventional,clinical,human,v0-13-evidence-and-translation,v0,false,,,,,"{""case"":""Cochrane review of neurosteroid GABA-A positive allosteric modulators for postnatal depression"",""studies"":""five studies, 349 women"",""finding"":""only low-certainty benefit and insufficient evidence to recommend them over existing treatments"",""principle"":""approval and graded certainty are different thresholds""}"
human-transcranial-temporal-interference-stimula-0kzy9ws,clinical-efficacy-endpoints-0gr15eg,MODULATES,C0495,modulates,47,supported,human-interventional,clinical,human,v0-13-evidence-and-translation,v0,false,,,,,"{""completed_studies"":""20"",""ongoing_trials"":""28"",""participants"":""820"",""stage"":""called Phase 1 evidence by a systematic review"",""efficacy"":""untested""}"
focused-ultrasound-thalamotomy-16acbqb,hand-tremor-score-in-essential-tremor-1n5xbx8,DECREASES,C0496,decreases,86,supported,human-interventional,clinical,human,v0-13-evidence-and-translation,v0,false,,,,,"{""design"":""randomised trial against a sham procedure"",""active"":""18.1 to 9.6 at three months"",""sham"":""16.0 to 15.8""}"
transcranial-electric-stimulation-0drjeqe,intracranial-electric-field-in-superficial-corte-0wjkdmh,MODULATES,C0497,modulates,211,supported,human-interventional,biophysical,macaque;human,v0-13-evidence-and-translation,v0,false,,,,,"{""peak_field"":""about 0.5 mV/mm"",""invariance"":""changing little with frequency or region"",""preparation"":""intracranial recordings in non-human primates and human epilepsy patients""}"
head-size-across-mouse-monkey-and-human-07wnvmb,induced-electric-field-strength-for-tms-and-tes-0dv6r4t,MODULATES,C0498,modulates,212,supported,computational,biophysical,mouse;macaque;human,v0-13-evidence-and-translation,v0,false,,,,,"{""method"":""finite-element head models"",""tms"":""field strength first rises and then falls with head size"",""tes"":""fields differ by up to about 100-fold across the three species"",""recommendation"":""match animal parameters to human fields rather than copy them""}"
rodent-coupling-mechanism-demonstration-at-field-1f98sbj,engagement-of-that-coupling-mechanism-by-the-hum-1r16gq7,REQUIRED_FOR,C0499,required_for,211;212,inferred,inferred,biophysical,mouse;rat;human,v0-13-evidence-and-translation,v0,true,,,,,"{""inference"":""the experiment shows that a coupling mechanism exists, not that the human protocol engages it"",""transfers"":""the physics of the coupling step"",""does_not_transfer"":""the number""}"
translocator-protein-tspo-1w5whsx,microglial-activation-state-13490h7,CORRELATES_WITH,C0500,correlates_with,127,supported,human-observational,molecular,mouse;macaque;human,v0-13-evidence-and-translation,v0,false,,,,,"{""mouse"":""TSPO rose in activated microglia"",""nhp_and_human"":""did not rise in non-human primates or human neurodegenerative disease"",""mechanism"":""a promoter AP1 site"",""implication"":""human TSPO-PET probably reflects the density of inflammatory cells rather than their activation""}"
feedback-controlled-focused-ultrasound-with-circ-1kpbuuo,blood-brain-barrier-permeability-03zc79e,GATES,C0501,gates,81,supported,animal-interventional,systemic,rat,v0-13-evidence-and-translation,v0,false,,,,,"{""n"":""27 rats"",""mean_peak_pressure"":""0.28 +/- 0.05 MPa""}"
focused-ultrasound-blood-brain-barrier-opening-02j1urh,blood-brain-barrier-permeability-in-alzheimer-s-0jcvuq2,GATES,C0502,gates,82,supported,human-interventional,clinical,human,v0-13-evidence-and-translation,v0,false,,,,,"{""phase"":""I"",""n"":""five patients with Alzheimer's disease"",""result"":""opened safely, reversibly and repeatedly""}"
focused-ultrasound-blood-brain-barrier-opening-02j1urh,amyloid-burden-on-pet-0hlnzde,MODULATES,C0503,modulates,82,supported,human-interventional,clinical,human,v0-13-evidence-and-translation,v0,false,null-result,no amyloid-PET change,,,"{""n"":""five patients"",""result"":""no group-level change after sonication"",""reading"":""the therapeutic claim did not climb with the preparation""}"
looseness-of-controls-and-smallness-of-sample-0kwnzox,published-effect-size-in-neuromodulation-0fdullr,CONFOUNDS,C0504,confounds,178;206;207,inferred,inferred,systemic,human,v0-13-evidence-and-translation,v0,true,,,,,"{""direction"":""effects shrink as controls tighten and samples grow"",""supports"":""low power inflates published effect sizes; only about 45-50% of surveyed researchers could routinely reproduce published results; unmeasured unblinding is argued to inflate drug-trial effects"",""caveat"":""no study in this corpus measures an animal-to-human effect-size ratio directly, so the direction is an inference, not a measurement""}"
ultraharmonic-microbubble-emissions-detected-by-1uothlm,delivered-acoustic-pressure-during-sonication-0yjns6m,GATES,C0505,gates,81,supported,animal-interventional,biophysical,rat,v0-13-evidence-and-translation,v0,false,,,,,"{""frequency"":""551.5 kHz"",""burst"":""10 ms bursts at 2 Hz"",""rule"":""pressure ramped until ultraharmonics appeared, then held at a set fraction of that threshold"",""at_50_percent"":""barrier opened with no detectable damage"",""higher_fractions"":""gross damage""}"
subthalamic-beta-band-local-field-potential-1qys23x,delivery-of-deep-brain-stimulation-1aktvla,GATES,C0506,gates,135,supported,human-interventional,clinical,human,v0-13-evidence-and-translation,v0,false,,,,,"{""n"":""eight patients with advanced Parkinson's disease"",""motor_improvement"":""50% on blinded scores, about 27% more than continuous stimulation"",""stimulation_time"":""fell by 56%"",""control"":""random intermittent stimulation did not match this, so timing and not intermittency carried the benefit""}"
stimulation-entrained-gamma-oscillations-in-subt-11bv7q2,chronic-at-home-adaptive-deep-brain-stimulation-0s1m8km,GATES,C0507,gates,136,supported,human-interventional,clinical,human,v0-13-evidence-and-translation,v0,false,,,,,"{""n"":""four patients"",""design"":""blinded randomised cross-over feasibility trial"",""signal_choice"":""per patient"",""comparator"":""optimised continuous stimulation"",""result"":""improved motor symptoms and quality of life""}"
closed-loop-stimulation-dose-1ez0vzz,a-state-dependent-distribution-of-delivered-para-1ind454,MODULATES,C0508,modulates,81;135;136,inferred,inferred,systemic,human;rat,v0-13-evidence-and-translation,v0,true,,,,,"{""charge"":""delivered charge falls as effect rises, so intensity stops indexing dose"",""threshold"":""set per site or per patient, so parameters form a distribution over states"",""biomarker"":""a control signal entrained by stimulation is partly produced by the intervention it governs""}"
prefrontal-tms-or-tdcs-timed-relative-to-a-labor-0szb8o1,acute-cortisol-response-to-a-laboratory-stressor-0qbaxdf,DECREASES,C0509,decreases,159,supported,human-interventional,systemic,human,v0-13-evidence-and-translation,v0,false,,,,,"{""design"":""meta-analysis of 16 randomised trials in healthy adults"",""SMD"":""-0.72"",""timing"":""larger when stimulation came before or after the stressor than during it""}"
mu-phase-triggered-burst-rtms-1qb5ohy,resting-eeg-and-tms-eeg-excitability-measures-19ksg8h,MODULATES,C0510,modulates,213,supported,human-interventional,circuit,human,v0-13-evidence-and-translation,v0,false,null-result,no excitability change at the phase that works elsewhere,,,"{""trigger"":""a mu-rhythm phase that raises motor evoked potentials in other work"",""result"":""no detectable change in resting EEG or TMS-EEG excitability measures"",""authors_conclusion"":""EEG measures do not track corticospinal excitability"",""settling_test"":""the same protocol scored on MEP and EEG readouts in one sample""}"
trkb-0itud0a,psychedelic-induced-plasticity-and-antidepressan-11zr4g0,REQUIRED_FOR,C0511,required_for,119,contested,animal-interventional,molecular,mouse,v0-14-open-questions,v0,false,,,H-5ht2a-necessity-p3,H-5ht2a-necessity,"{""five_ht2a"":""not required for the plasticity effect"",""head_twitch"":""required 5-HT2A rather than TrkB""}"
regional-and-compartmental-specificity-of-5-ht2a-14bz895,reconciliation-of-the-postsynaptic-presynaptic-a-0asjfjv,REQUIRED_FOR,C0512,required_for,119;173;174,inferred,inferred,molecular,mouse,v0-14-open-questions,v0,true,,,,,"{""inference"":""all three positions hold if necessity is regional"",""settling_test"":""compartment-specific deletion, presynaptic and postsynaptic separately, in several regions""}"
a-putative-neurotransmitter-deficit-in-the-disea-16p2ndq,clinical-efficacy-of-a-drug-acting-on-that-trans-1uptkd4,REQUIRED_FOR,C0513,required_for,188,inferred,inferred,clinical,human,v0-14-open-questions,v0,true,,,,,"{""inference"":""a drug can work without its putative target deficit existing, so the two positions answer different questions - one about the disease, one about the drug""}"
maximum-near-infrared-transmittance-measured-thr-1c3k880,modelled-fraction-of-incident-energy-deposited-i-1q1eocx,CORRELATES_WITH,C0514,correlates_with,22;23,inferred,inferred,biophysical,human,v0-14-open-questions,v0,true,,,,,"{""inference"":""the two quantities are not directly comparable, so the two sides of the photobiomodulation dose dispute may not yet disagree about anything measurable"",""settling_test"":""in-situ transmittance during a device protocol reported in the same units as the simulation, against a dose-response curve for the endpoint claimed""}"
temporal-interference-stimulation-at-tolerated-s-1h4yuf7,spike-timing-without-a-change-in-firing-rate-0lrvx5e,MODULATES,C0515,modulates,45;46;48;60,inferred,inferred,cellular,human;macaque;mouse,v0-14-open-questions,v0,true,,,,,"{""inference"":""a timing-only, subthreshold effect reconciles the modelled suprathreshold requirement with the reported envelope and behavioural effects"",""settling_test"":""intracranial human recording at tolerated currents with rate and timing reported separately""}"
the-reflex-framing-of-vagal-control-of-splenic-t-0i2tqx6,the-therapeutic-claim-that-vagal-stimulation-sup-0y5an2x,REQUIRED_FOR,C0516,required_for,149;151,inferred,inferred,systemic,rat;mouse,v0-14-open-questions,v0,true,,,,,"{""inference"":""the therapeutic claim survives either framing; only the reflex framing licenses an edge labelled reflex"",""undisputed"":""the molecular chain"",""disputed"":""the wiring diagram and the word reflex"",""settling_test"":""splenic nerve recording during physiological endotoxaemia with and without vagotomy""}"
the-administered-compound-0j0ldue,the-ligand-that-acts-at-the-target-receptor-14sd0oq,CORRELATES_WITH,C0517,correlates_with,29;93,inferred,inferred,molecular,rat;macaque,v0-14-open-questions,v0,true,,,,,"{""inference"":""the administered compound and the acting ligand are separate objects and belong in separate nodes"",""settling_test"":""occupancy measured for the administered compound and its metabolites in the same animals, with a ligand-only arm""}"
a-recorded-dose-parameter-set-travelling-with-th-18dn1hl,resolution-of-an-apparent-mechanism-dispute-into-10twyjt,REQUIRED_FOR,C0518,required_for,84;146;171,inferred,inferred,systemic,,v0-14-open-questions,v0,true,,,,,"{""inference"":""several disputes resolve into dose rather than mechanism once parameters are recorded, which is visible only if the parameter set travels with the claim"",""instances"":""microbubble dose in barrier-opening inflammation; waveform in taVNS engagement; setting and endpoint in the ketamine-versus-ECT comparison""}"
anatomical-target-or-end-organ-0ka8lzg,uberon-species-neutral-anatomy-ontology-class-00zyoja,MEASURED_BY,C0519,measured_by,214,supported,consensus,systemic,,v0-15-from-text-to-graph,v0,false,,,,,"{""classes"":""more than 6,500"",""function"":""links species-specific anatomy ontologies, so a target or an end organ can be named once and compared across humans and model organisms""}"
cell-type-15vjqmt,cell-ontology-identifier-0im5fkd,MEASURED_BY,C0520,measured_by,215,supported,consensus,cellular,,v0-15-from-text-to-graph,v0,false,,,,,"{""coverage"":""OBO Foundry ontology of canonical cell types"",""uptake"":""required as metadata by large consortia""}"
cortical-neuron-types-across-three-published-cla-1xfd2c2,neuron-phenotype-ontology-compositional-phenotyp-1hhbw9b,MEASURED_BY,C0521,measured_by,156,supported,consensus,cellular,,v0-15-from-text-to-graph,v0,false,,,,,"{""method"":""a neuron type decomposed into constituent phenotypes expressed with identifiers from community ontologies"",""result"":""reconciled the three classifications with each other and with the informal names used in papers""}"
molecular-function-cellular-component-and-biolog-1xeourl,gene-ontology-term-0ov3e1t,MEASURED_BY,C0522,measured_by,216,supported,consensus,subcellular,,v0-15-from-text-to-graph,v0,false,,,,,"{""coverage"":""standard terms for molecular function, cellular component and biological process, plus annotations across organisms""}"
drug-ligand-or-neurotransmitter-as-a-chemical-en-17rwce3,chebi-identifier-14rodp7,MEASURED_BY,C0523,measured_by,217,supported,consensus,molecular,,v0-15-from-text-to-graph,v0,false,,,,,"{""coverage"":""database and ontology of biologically relevant chemical entities""}"
support-for-a-claim-edge-0povl5x,evidence-and-conclusion-ontology-type-alongside-13shlxn,MEASURED_BY,C0524,measured_by,218;208,supported,consensus,systemic,,v0-15-from-text-to-graph,v0,false,,,,,"{""eco"":""community ontology of evidence types used by dozens of biomedical databases to record how an assertion is supported"",""grade"":""a common system for rating quality of evidence and strength of recommendations"",""requirement"":""a curated projection and a sham-controlled trial are not the same kind of fact, so the two fields stay separate""}"
origins-terminations-and-routing-of-autonomic-pr-0cirtwj,sckan-curated-ontology-backed-structural-connect-1piqs1c,MEASURED_BY,C0525,measured_by,155,supported,consensus,systemic,human;rat;mouse,v0-15-from-text-to-graph,v0,false,,,,,"{""sources"":""expert input, published literature, textbooks and SPARC datasets"",""use"":""generates the SPARC portal's connectivity maps"",""limit"":""population-level structural connectivity, not physiology - it says that a population projects by a given route, not what a stimulation train does to that population's firing""}"
receptor-subunit-or-channel-isoform-as-an-entity-11sv4lz,a-protein-ontology-0vj38fs,MEASURED_BY,C0526,measured_by,215;216;217,inferred,inferred,molecular,,v0-15-from-text-to-graph,v0,true,,,,,"{""finding"":""this volume's corpus contains no reference describing one, so the protein slot is named but unanchored while anatomy, cell type, molecular function and chemical entity all have anchors""}"
stimulation-protocol-and-device-parameter-layer-1me49oc,reporting-standards-and-repositories-that-supply-1en7ws5,MEASURED_BY,C0527,measured_by,79;193,inferred,inferred,systemic,,v0-15-from-text-to-graph,v0,true,,,,,"{""finding"":""no ontology in this volume's corpus covers stimulation protocols or device parameters adequately"",""rates"":""66 items in five groups - participants, stimulator, electrodes, current, procedure - with a 26-item essential subset, from a three-round Delphi study with 38 experts"",""intus"":""an open table of ultrasound parameters and outcomes whose own authors name incomplete parameter reporting as a limit"",""consequence"":""a protocol module has to be authored rather than reused, with a 'not reported' null distinct from zero in every slot""}"
automatically-extracted-subject-predicate-object-08xmo30,a-mechanism-claim-used-as-a-fact-in-a-knowledge-1tfhut7,CONFOUNDS,C0528,confounds,220,inferred,inferred,systemic,,v0-15-from-text-to-graph,v0,true,,,,,"{""source"":""predications extracted by SemRep from all of PubMed"",""problem"":""a mined triple inherits the sentence's ambiguity rather than the study's design"",""consequence"":""the argument for curating claims by hand""}"
