id:ID(Entity),:LABEL,label,type,term,xref
17-item-hamilton-depression-score-in-severe-post-11hyotv,Entity;Outcome,17-item Hamilton depression score in severe postpartum depression,Outcome,,
21-item-hamilton-depression-score-in-treatment-r-1qw0vcx,Entity;Outcome,21-item Hamilton depression score in treatment-resistant depression,Outcome,,
25-item-hamilton-depression-score-within-72-h-1a6qq7a,Entity;Outcome,25-item Hamilton depression score within 72 h,Outcome,,
2r-6r-hydroxynorketamine-1ggftcl,Entity;Molecule,"(2R,6R)-hydroxynorketamine",Molecule,hydroxynorketamine,
2r-6r-hydroxynorketamine-antidepressant-like-beh-11sqomd,Entity;Outcome,"(2R,6R)-hydroxynorketamine antidepressant-like behaviour",Outcome,,
40-hz-audio-visual-sensory-entrainment-delivered-0dc0v1b,Entity;ExogenousDrive,40 Hz audio-visual sensory entrainment delivered at home,ExogenousDrive,forty-hz-stimulation,
40-hz-audiovisual-stimulation-1tjnxc3,Entity;StimulationProtocol,40 Hz audiovisual stimulation,StimulationProtocol,forty-hz-stimulation,
40-hz-light-flicker-1acxixc,Entity;StimulationProtocol,40 Hz light flicker,StimulationProtocol,forty-hz-stimulation,
5-ht2a-receptor-activation-0ksorpg,Entity;Molecule,5-HT2A receptor activation,Molecule,five-ht2a-receptor,
5-ht2a-receptors-0ucpze3,Entity;GeneProduct,5-HT2A receptors,GeneProduct,five-ht2a-receptor,
5-ht2a-receptors-on-layer-v-pyramidal-apical-den-0p5jao8,Entity;Molecule,5-HT2A receptors on layer V pyramidal apical dendrites,Molecule,five-ht2a-receptor,
50-mg-orally-once-daily-for-14-days-0wq6tpv,Entity;StimulationProtocol,50 mg orally once daily for 14 days,StimulationProtocol,route-of-administration,
670-nm-led-light-0dkdce9,Entity;ExogenousDrive,670 nm LED light,ExogenousDrive,photobiomodulation,
a-circuit-level-neuromodulator-necessity-claim-0611kjt,Entity;Outcome,A circuit-level neuromodulator necessity claim,Outcome,gating,
a-coupling-edge-able-to-carry-rival-mechanisms-r-12dr7lu,Entity;CouplingMechanism,A coupling edge able to carry rival mechanisms rather than a single one,CouplingMechanism,rival-edge,
a-coupling-representation-in-which-cytochrome-c-0felbq5,Entity;Outcome,"A coupling representation in which cytochrome c oxidase, Piezo1, astrocytic TRPA1, CFTR, the bilayer, the microbubble, the receptor and the installed actuator are entities rather than edge labels",Outcome,coupling,
a-demonstrated-coupling-event-at-the-human-corti-1olzrhn,Entity;CouplingMechanism,"A demonstrated coupling event at the human cortical target, which it does not establish",CouplingMechanism,coupling,
a-depth-focality-tradeoff-present-in-every-coil-0iyx3x2,Entity;Measurement,A depth-focality tradeoff present in every coil,Measurement,depth-focality-tradeoff,
a-dose-record-that-distinguishes-free-field-from-19pqulw,Entity;Outcome,"A dose record that distinguishes free-field from in situ acoustic values, device settings from modelled E-field, and administered amount from plasma and target-site exposure",Outcome,exposure,
a-dose-representation-adequate-to-any-drive-clas-09s2utb,Entity;Outcome,"A dose representation adequate to any drive class, none of which reduces to a single intensity",Outcome,reproducibility,
a-generalised-seizure-from-a-field-confined-larg-18dc0eg,Entity;Outcome,A generalised seizure from a field confined largely to superficial cortex,Outcome,,
a-gi-coupled-designer-receptor-expressed-in-hipp-1gz6i4q,Entity;GeneProduct,A Gi-coupled designer receptor expressed in hippocampal neurons,GeneProduct,chemogenetics,
a-levels-of-organisation-scheme-running-from-mol-1k6da3s,Entity;Measurement,A levels-of-organisation scheme running from molecules to systems,Measurement,levels-of-organisation,
a-low-frequency-amplitude-envelope-formed-where-0c5uo89,Entity;CouplingMechanism,A low-frequency amplitude envelope formed where the two fields overlap,CouplingMechanism,amplitude-envelope,
a-measured-cortical-electric-field-of-about-0-8-0lzf4ew,Entity;CouplingMechanism,A measured cortical electric field of about 0.8 V/m,CouplingMechanism,e-field,
a-mechanism-claim-used-as-a-fact-in-a-knowledge-1tfhut7,Entity;Outcome,A mechanism claim used as a fact in a knowledge graph,Outcome,,
a-mechanism-that-outlasts-receptor-occupancy-0sazqns,Entity;CouplingMechanism,A mechanism that outlasts receptor occupancy,CouplingMechanism,,
a-named-summary-dose-metric-with-its-rule-scope-1q420sg,Entity;Measurement,"A named summary dose metric, with its rule, scope, criterion or efficacy class",Measurement,e-field-outcome-measure,
a-peripheral-scalp-route-and-a-direct-cortical-r-1hlranx,Entity;CouplingMechanism,A peripheral scalp route and a direct cortical route acting in parallel,CouplingMechanism,peripheral-route,
a-pharmacological-agent-given-by-any-route-1558u13,Entity;ExogenousDrive,A pharmacological agent given by any route,ExogenousDrive,drive,
a-protein-ontology-0vj38fs,Entity;Measurement,A protein ontology,Measurement,,
a-putative-neurotransmitter-deficit-in-the-disea-16p2ndq,Entity;Molecule,A putative neurotransmitter deficit in the disease,Molecule,serotonin-premise,
a-receptor-occupancy-window-1mqxi27,Entity;Measurement,A receptor occupancy window,Measurement,receptor-occupancy,
a-recorded-dose-parameter-set-travelling-with-th-18dn1hl,Entity;Measurement,A recorded dose parameter set travelling with the claim,Measurement,dose-parameter-set,
a-safety-problem-rather-than-a-mechanism-1lnb1tk,Entity;Confound,A safety problem rather than a mechanism,Confound,safety-envelope,
a-schema-able-to-represent-drive-to-outcome-chai-1g5vp3d,Entity;Outcome,A schema able to represent drive-to-outcome chains outside the brain,Outcome,property-graph,
a-shared-marker-measured-by-different-assays-in-1j9mdnx,Entity;Confound,A shared marker measured by different assays in different preparations,Confound,convergence,
a-single-60-hour-intravenous-infusion-0hyeib5,Entity;StimulationProtocol,A single 60-hour intravenous infusion,StimulationProtocol,route-of-administration,
a-small-number-of-molecular-targets-14823w7,Entity;Molecule,A small number of molecular targets,Molecule,,
a-small-number-of-molecular-targets-shared-by-ch-1sbpro4,Entity;Molecule,A small number of molecular targets shared by chemically diverse general anaesthetics,Molecule,general-anaesthesia,
a-spatially-uniform-electric-field-which-gives-a-10t98tq,Entity;CouplingMechanism,"A spatially uniform electric field, which gives a straight fibre no driving term",CouplingMechanism,uniform-field,
a-state-dependent-distribution-of-delivered-para-1ind454,Entity;Measurement,A state-dependent distribution of delivered parameters rather than a fixed protocol setting,Measurement,dose-parameter-set,
a-study-identifying-the-ultrasound-transducer-in-0cfprlr,Entity;Measurement,"A study identifying the ultrasound transducer in human tissue, plus a frequency sweep, duty cycle varied at matched temperature, and channel-specific loss of function with the field physics measured",Measurement,transducer,
a-vagal-chain-edge-that-preserves-its-claim-1vrb4i5,Entity;Pathway,A vagal chain edge that preserves its claim,Pathway,vagus-nerve,
a-valid-charge-injection-safety-limit-for-curren-0zseuvm,Entity;Outcome,A valid charge-injection safety limit for current bioelectronic devices,Outcome,tissue-damage-threshold,
a-well-formed-electromagnetic-coupling-edge-sinc-0i8vxnl,Entity;Outcome,"A well-formed electromagnetic coupling edge, since stimulation is not itself an edge",Outcome,predicate,
absence-of-any-cross-modality-comparative-source-0x0yalm,Entity;Confound,Absence of any cross-modality comparative source for eleven listed families,Confound,reproducibility,
absence-of-any-human-measurement-of-mtor-activat-1n9sj1v,Entity;Confound,Absence of any human measurement of mTOR activation or spine addition,Confound,species-translation,
absorption-spectrum-of-oxidised-cytochrome-c-oxi-1lee17g,Entity;Molecule,Absorption spectrum of oxidised cytochrome c oxidase,Molecule,cytochrome-c-oxidase,
accurate-tissue-geometry-and-a-sufficiently-accu-1npkz22,Entity;Measurement,Accurate tissue geometry and a sufficiently accurate numerical method,Measurement,finite-element-head-model,
acetylcholine-1vg5qfr,Entity;Molecule,Acetylcholine,Molecule,acetylcholine,
acetylcholine-at-alpha7-nicotinic-receptors-on-c-1opgddb,Entity;Molecule,Acetylcholine at alpha7 nicotinic receptors on cytokine-producing macrophages,Molecule,alpha7-nicotinic-receptor,
acetylcholine-dopamine-noradrenaline-and-seroton-0xvqgbs,Entity;Molecule,"Acetylcholine, dopamine, noradrenaline and serotonin",Molecule,third-factor,
acoustic-pressure-above-50-of-the-measured-ultra-1m5ntrl,Entity;StimulationProtocol,Acoustic pressure above 50% of the measured ultraharmonic-emission threshold,StimulationProtocol,ultraharmonic-emission,
acoustic-pressure-set-as-a-fraction-of-the-measu-0u6hxpn,Entity;StimulationProtocol,Acoustic pressure set as a fraction of the measured ultraharmonic-emission threshold,StimulationProtocol,ultraharmonic-emission,
acoustic-radiation-force-165de6q,Entity;CouplingMechanism,Acoustic radiation force,CouplingMechanism,acoustic-radiation-force,
acoustic-radiation-force-and-micron-scale-tissue-15kpou2,Entity;CouplingMechanism,Acoustic radiation force and micron-scale tissue displacement,CouplingMechanism,acoustic-radiation-force,
acoustic-thermal-dose-1w0nveb,Entity;StimulationProtocol,Acoustic thermal dose,StimulationProtocol,thermal-dose,
acr20-response-in-rheumatoid-arthritis-1yomc9j,Entity;Outcome,ACR20 response in rheumatoid arthritis,Outcome,clinical-response,
action-potential-initiation-at-modelled-field-ma-1h5ajht,Entity;Outcome,"Action potential initiation, at modelled field magnitudes far above those reachable at tolerable scalp currents",Outcome,volts-per-metre,
action-potential-propagation-near-the-electrode-0xyj685,Entity;NeuronPopulation,"Action potential propagation near the electrode, so that only a shell of elements around it is effectively excited",NeuronPopulation,conduction-block,
action-potentials-in-the-splenic-nerve-12jvwm2,Entity;NeuronPopulation,Action potentials in the splenic nerve,NeuronPopulation,splenic-nerve,
action-spectrum-for-cell-attachment-1rtp6gs,Entity;Measurement,Action spectrum for cell attachment,Measurement,action-spectrum,
action-spectrum-of-photobiomodulation-efficacy-a-0rmngr3,Entity;Measurement,"Action spectrum of photobiomodulation efficacy across 670, 728, 770, 830 and 880 nm",Measurement,action-spectrum,
activation-state-of-the-targeted-neurons-at-the-0d0r1yb,Entity;Measurement,Activation state of the targeted neurons at the time of stimulation,Measurement,state-dependence,
active-placebo-comparator-100-mg-niacin-0dmx40u,Entity;Measurement,"Active placebo comparator, 100 mg niacin",Measurement,active-placebo,
activity-dependent-bdnf-release-00mdfv3,Entity;Molecule,Activity-dependent BDNF release,Molecule,bdnf,
activity-of-neurons-and-glia-09yq0tf,Entity;CellType,Activity of neurons and glia,CellType,,
actual-allocation-to-active-or-sham-rtms-02cx2cu,Entity;Measurement,Actual allocation to active or sham rTMS,Measurement,,
acute-cortisol-response-to-a-laboratory-stressor-0qbaxdf,Entity;Outcome,Acute cortisol response to a laboratory stressor,Outcome,cortisol,
adding-white-matter-anisotropy-or-a-multi-layer-12av1zi,Entity;Measurement,Adding white-matter anisotropy or a multi-layer skull to a head model,Measurement,tissue-conductivity,
adjudication-between-informational-lesion-and-ex-11nmb28,Entity;Outcome,Adjudication between informational lesion and excitation accounts of DBS,Outcome,,
adjudication-between-the-reflex-and-activatable-1dto8al,Entity;CouplingMechanism,Adjudication between the reflex and activatable-pathway accounts,CouplingMechanism,inflammatory-reflex,
adjunctive-d-cycloserine-with-intermittent-theta-050zkah,Entity;StimulationProtocol,Adjunctive D-cycloserine with intermittent theta-burst stimulation,StimulationProtocol,itbs,
afferent-synaptic-responses-with-no-somatic-pola-0y50109,Entity;Measurement,"Afferent synaptic responses, with no somatic polarisation at all",Measurement,,
after-effect-of-a-fixed-tms-protocol-on-motor-ev-04njw6g,Entity;Outcome,After-effect of a fixed TMS protocol on motor evoked potentials,Outcome,,
ampa-receptor-activation-199muiq,Entity;Molecule,AMPA receptor activation,Molecule,ampa-receptor,
ampa-receptor-dependent-antidepressant-like-beha-01h769d,Entity;Outcome,AMPA-receptor-dependent antidepressant-like behavioural response,Outcome,ampa-receptor,
amplitude-and-frequency-at-a-single-intracortica-0vjvacn,Entity;StimulationProtocol,Amplitude and frequency at a single intracortical microstimulation electrode,StimulationProtocol,,
amyloid-beta-1-40-and-1-42-load-with-altered-mic-05vd03c,Entity;Outcome,"Amyloid-beta 1-40 and 1-42 load, with altered microglial morphology",Outcome,amyloid-beta,
amyloid-burden-on-florbetaben-pet-null-no-group-1fzsg6u,Entity;Measurement,Amyloid burden on florbetaben PET (null; no group-level change),Measurement,amyloid-beta,
amyloid-burden-on-pet-0hlnzde,Entity;Measurement,Amyloid burden on PET,Measurement,amyloid-beta,
an-account-of-the-delay-before-clinical-benefit-1tadii2,Entity;Outcome,An account of the delay before clinical benefit of chronic antidepressants and the reversal of varied symptoms,Outcome,clinical-response,
an-adequate-test-of-a-drug-mechanism-in-a-phase-0t6s85g,Entity;Outcome,An adequate test of a drug mechanism in a Phase II programme,Outcome,target-engagement,
an-agreed-e-field-feature-and-extraction-rule-wi-1x6stue,Entity;Measurement,"An agreed E-field feature and extraction rule, with its pipeline and segmentation named",Measurement,e-field-outcome-measure,
an-applied-electric-field-of-about-1-mv-mm-0t0ifn7,Entity;CouplingMechanism,An applied electric field of about 1 mV/mm,CouplingMechanism,millivolts-per-millimetre,
an-arbitrary-time-temperature-history-of-a-tissu-0irihhg,Entity;Measurement,An arbitrary time-temperature history of a tissue exposure,Measurement,thermal-dose,
an-e-field-dose-value-comparable-with-any-other-0e59few,Entity;Outcome,An E-field dose value comparable with any other,Outcome,dosimetry,
an-electric-field-confined-largely-to-superficia-1ig36sr,Entity;CouplingMechanism,"An electric field confined largely to superficial cortex, against a substantially larger stimulated brain volume for ECT",CouplingMechanism,e-field,
an-electric-field-of-about-0-1-1-v-m-in-the-huma-1fq82un,Entity;CouplingMechanism,An electric field of about 0.1-1 V/m in the human brain,CouplingMechanism,e-field,
an-eleven-point-sham-controlled-responder-rate-d-0m0eal4,Entity;Outcome,An eleven-point sham-controlled responder-rate difference,Outcome,clinical-response,
an-exogenous-drive-0emg5e0,Entity;ExogenousDrive,An exogenous drive,ExogenousDrive,drive,
an-explanation-of-perception-learning-and-consci-02lc9uz,Entity;Outcome,"An explanation of perception, learning and consciousness that links levels rather than staying at one",Outcome,,
an-explicit-link-from-microscopic-mechanisms-to-0rxbqyw,Entity;Outcome,An explicit link from microscopic mechanisms to macroscopic signals,Outcome,,
an-imposed-extracellular-voltage-gradient-01e211z,Entity;CouplingMechanism,An imposed extracellular voltage gradient,CouplingMechanism,modulation-versus-initiation,
an-independent-measurement-or-model-at-that-leve-11192q9,Entity;Measurement,"An independent measurement or model at that level, because a level cannot be read off the one below it",Measurement,,
an-installed-transducer-of-known-identity-kineti-1hzu7mv,Entity;CouplingMechanism,"An installed transducer of known identity, kinetics and cell-type distribution",CouplingMechanism,installed-transducer,
an-interpretable-plasticity-edge-in-the-graph-1b2d8ue,Entity;Outcome,An interpretable plasticity edge in the graph,Outcome,ltp-like-plasticity,
an-interpretable-summary-dose-value-with-a-missi-1ol643r,Entity;Outcome,"An interpretable summary dose value, with a missing value recorded as missing",Outcome,dosimetry,
an-optimised-charge-balanced-10-khz-stimulation-0ja3064,Entity;StimulationProtocol,"An optimised, charge-balanced 10 kHz stimulation waveform",StimulationProtocol,charge-balanced-waveform,
anatomical-target-or-end-organ-0ka8lzg,Entity;AnatomicalStructure,Anatomical target or end organ,AnatomicalStructure,,
anterior-thalamic-neurons-1jny5wq,Entity;NeuronPopulation,Anterior thalamic neurons,NeuronPopulation,,
anticorrelation-of-the-coil-site-with-the-subgen-0r8c40g,Entity;Measurement,Anticorrelation of the coil site with the subgenual cingulate,Measurement,connectivity-based-targeting,
antidepressant-action-of-fast-acting-agents-such-1anda0d,Entity;Outcome,Antidepressant action of fast-acting agents such as ketamine,Outcome,,
antidepressant-efficacy-of-held-out-tms-and-dbs-1ysq0aj,Entity;Outcome,Antidepressant efficacy of held-out TMS and DBS sites,Outcome,clinical-response,
antidepressant-like-behaviour-0cxfmqh,Entity;Outcome,Antidepressant-like behaviour,Outcome,,
antidepressant-like-behavioural-effect-of-ketami-1n540nq,Entity;Outcome,"Antidepressant-like behavioural effect of ketamine and of (2R,6R)-hydroxynorketamine",Outcome,hydroxynorketamine,
antidepressant-like-effect-of-ketamine-2r-6r-hyd-1hqb1yi,Entity;Outcome,"Antidepressant-like effect of ketamine, (2R,6R)-hydroxynorketamine, a GABA-A modulator and an mGlu2/3 antagonist",Outcome,,
antidepressant-response-in-major-depressive-diso-1xmb521,Entity;Outcome,Antidepressant response in major depressive disorder,Outcome,clinical-response,
antidepressant-response-to-intermittent-theta-bu-1njveyh,Entity;Outcome,Antidepressant response to intermittent theta-burst stimulation,Outcome,,
any-merged-or-pooled-effect-estimate-it-enters-0u0rq92,Entity;Outcome,Any merged or pooled effect estimate it enters,Outcome,,
apical-dendrites-of-layer-v-cortical-pyramidal-n-1ep9cgs,Entity;SubcellularComponent,Apical dendrites of layer V cortical pyramidal neurons,SubcellularComponent,layer-v-pyramidal-neuron,
apical-dendrites-of-layer-v-neocortical-pyramida-19kpa0n,Entity;SubcellularComponent,Apical dendrites of layer V neocortical pyramidal cells,SubcellularComponent,layer-v-pyramidal-neuron,
apnoea-hypopnoea-index-in-obstructive-sleep-apno-0ukgd19,Entity;Outcome,Apnoea-hypopnoea index in obstructive sleep apnoea,Outcome,clinical-response,
applied-uniform-field-of-about-2-4-mv-mm-in-ferr-06bgyia,Entity;CouplingMechanism,Applied uniform field of about 2-4 mV/mm in ferret cortical slices,CouplingMechanism,uniform-field,
assay-preparation-species-and-direction-of-chang-0550ccm,Entity;Measurement,"Assay, preparation, species and direction of change",Measurement,readout,
association-between-stimulation-site-to-subgenua-13mobv0,Entity;Outcome,Association between stimulation-site to subgenual cingulate connectivity and rTMS outcome,Outcome,connectivity-based-targeting,
astrocyte-released-glutamate-0hxbjfj,Entity;Molecule,Astrocyte-released glutamate,Molecule,,
astrocytic-calcium-entry-through-trpa1-11bloah,Entity;CellType,Astrocytic calcium entry through TRPA1,CellType,astrocyte,
astrocytic-piezo1-deletion-0b7uvsi,Entity;GeneProduct,Astrocytic Piezo1 deletion,GeneProduct,knockout,
astrocytic-trpa1-channels-1haqgb4,Entity;GeneProduct,Astrocytic TRPA1 channels,GeneProduct,trpa1,
astrocytic-trpa1-opening-by-low-intensity-low-fr-0gpkhmb,Entity;CouplingMechanism,Astrocytic TRPA1 opening by low-intensity low-frequency ultrasound,CouplingMechanism,trpa1,
attributing-a-negative-result-to-delivery-rather-0jzms4c,Entity;Outcome,"Attributing a negative result to delivery rather than mechanism, and a positive result to no rival transducer in the same cells",Outcome,,
attribution-of-a-null-trial-result-to-a-particul-05pri3f,Entity;Outcome,Attribution of a null trial result to a particular mechanistic link,Outcome,,
auditory-confound-carried-by-the-input-studies-o-07p59o0,Entity;Confound,Auditory confound carried by the input studies of a pooled estimate,Confound,auditory-confound,
auditory-pathway-activation-16uj2ok,Entity;Confound,Auditory pathway activation,Confound,auditory-confound,
auditory-pathway-activation-by-transcranial-ultr-0tps8y2,Entity;Confound,Auditory pathway activation by transcranial ultrasound,Confound,auditory-confound,
auditory-pathway-activation-while-leaving-the-mo-06222au,Entity;Outcome,"Auditory-pathway activation, while leaving the motor response intact",Outcome,auditory-confound,
auditory-pathway-indexed-by-the-auditory-brainst-0n01izu,Entity;Pathway,"Auditory pathway, indexed by the auditory brainstem response",Pathway,,
automatically-extracted-subject-predicate-object-08xmo30,Entity;Confound,Automatically extracted subject-predicate-object predication,Confound,semmeddb,
axonal-conduction-without-the-onset-burst-that-c-0kvakww,Entity;NeuronPopulation,"Axonal conduction, without the onset burst that conventional kilohertz block causes",NeuronPopulation,conduction-block,
axonal-membrane-depolarising-where-the-activatin-0g2nji4,Entity;SubcellularComponent,"Axonal membrane, depolarising where the activating function is positive and hyperpolarising where it is negative",SubcellularComponent,myelinated-axon,
baclofen-gaba-b-receptor-agonist-0r69jov,Entity;Molecule,Baclofen (GABA-B receptor agonist),Molecule,baclofen,
baseline-mep-amplitude-age-target-muscle-and-tim-0u154gt,Entity;Measurement,"Baseline MEP amplitude, age, target muscle and time of day",Measurement,,
bdnf-as-a-convergence-endpoint-1aqhi52,Entity;Molecule,BDNF as a convergence endpoint,Molecule,bdnf,
bdnf-protein-translated-after-eef2-kinase-deacti-0sliwt8,Entity;Molecule,BDNF protein translated after eEF2 kinase deactivation,Molecule,eef2-kinase,
bdnf-secretion-and-trkb-activation-19zb0wf,Entity;Pathway,BDNF secretion and TrkB activation,Pathway,trkb,
bdnf-translation-0cwzxw4,Entity;GeneProduct,BDNF translation,GeneProduct,bdnf,
bdnf-val66met-polymorphism-0vo601t,Entity;GeneProduct,BDNF Val66Met polymorphism,GeneProduct,val66met,
behavioural-and-perceptual-effects-of-tms-0o2mqzq,Entity;Outcome,Behavioural and perceptual effects of TMS,Outcome,,
behavioural-antidepressant-like-effect-of-four-u-1oj28ky,Entity;Outcome,Behavioural antidepressant-like effect of four unrelated compounds,Outcome,,
behavioural-effect-attributed-to-active-tms-05ulm6z,Entity;Outcome,Behavioural effect attributed to active TMS,Outcome,,
beta-band-local-field-potential-gated-subthalami-0enkhk3,Entity;StimulationProtocol,Beta-band local-field-potential-gated subthalamic deep brain stimulation,StimulationProtocol,adaptive-dbs,
beta-burst-gated-adaptive-deep-brain-stimulation-0499smu,Entity;StimulationProtocol,Beta-burst-gated adaptive deep brain stimulation,StimulationProtocol,adaptive-dbs,
between-person-response-variability-to-plasticit-085vux0,Entity;Confound,Between-person response variability to plasticity protocols,Confound,response-variability,
bilateral-anodal-tdcs-of-parietal-cortex-0n5kbof,Entity;ExogenousDrive,Bilateral anodal tDCS of parietal cortex,ExogenousDrive,tdcs,
biphasic-cellular-response-low-fluence-stimulati-0zuqie2,Entity;Outcome,"Biphasic cellular response, low fluence stimulating more than high fluence",Outcome,inverted-u-dose-response,
blinded-motor-score-improvement-in-advanced-park-1k088ic,Entity;Outcome,Blinded motor score improvement in advanced Parkinson's disease,Outcome,clinical-response,
blinded-motor-score-improvement-in-parkinson-s-d-1k3hfbk,Entity;Outcome,Blinded motor score improvement in Parkinson's disease,Outcome,clinical-response,
blinding-check-made-at-the-end-of-a-study-rather-0kb64h8,Entity;Confound,Blinding check made at the end of a study rather than during stimulation,Confound,blinding,
blinding-integrity-in-a-psilocybin-depression-tr-0kkhu73,Entity;Measurement,Blinding integrity in a psilocybin depression trial,Measurement,blinding,
blockade-of-overall-network-activity-in-dissocia-12xdeil,Entity;StimulationProtocol,Blockade of overall network activity in dissociated culture,StimulationProtocol,homeostatic-synaptic-scaling,
blood-brain-barrier-opening-with-no-detectable-d-1xnazya,Entity;Outcome,Blood-brain barrier opening with no detectable damage,Outcome,blood-brain-barrier-opening,
blood-brain-barrier-passive-diffusion-plus-activ-1mrdpi2,Entity;AnatomicalStructure,Blood-brain barrier passive diffusion plus active influx and efflux,AnatomicalStructure,blood-brain-barrier,
blood-brain-barrier-permeability-03zc79e,Entity;AnatomicalStructure,Blood-brain barrier permeability,AnatomicalStructure,blood-brain-barrier,
blood-brain-barrier-permeability-at-the-targeted-1xd5u6s,Entity;AnatomicalStructure,Blood-brain barrier permeability at the targeted locations,AnatomicalStructure,blood-brain-barrier,
blood-brain-barrier-permeability-in-alzheimer-s-0jcvuq2,Entity;AnatomicalStructure,Blood-brain barrier permeability in Alzheimer's disease,AnatomicalStructure,blood-brain-barrier,
brain-extracellular-fluid-drug-concentration-1cd64oy,Entity;Measurement,Brain extracellular fluid drug concentration,Measurement,brain-extracellular-fluid,
brain-parenchyma-0jpajnp,Entity;AnatomicalStructure,Brain parenchyma,AnatomicalStructure,,
brexanolone-1jby7tm,Entity;Molecule,Brexanolone,Molecule,brexanolone,
brexanolone-intravenous-allopregnanolone-by-sing-1yniazm,Entity;ExogenousDrive,"Brexanolone, intravenous allopregnanolone by single 60-hour infusion",ExogenousDrive,brexanolone,
brief-tetanic-stimulation-of-the-perforant-path-008b3dx,Entity;StimulationProtocol,Brief tetanic stimulation of the perforant path,StimulationProtocol,,
bubble-oscillation-rather-than-absorption-which-1kisv5k,Entity;CouplingMechanism,"Bubble oscillation rather than absorption, which is why microbubble techniques work far below ablative intensities",CouplingMechanism,microbubble,
burst-firing-that-somatic-current-injection-did-1ynrvul,Entity;Measurement,Burst firing that somatic current injection did not produce,Measurement,,
c-fos-protein-expression-with-an-area-distributi-0w2i79q,Entity;Measurement,"c-Fos protein expression, with an area distribution that tracks the pattern",Measurement,c-fos,
ca1-pyramidal-cell-somata-linearly-1fr8sna,Entity;NeuronPopulation,"CA1 pyramidal cell somata, linearly",NeuronPopulation,compartment-specific-polarisation,
capacity-of-a-synapse-for-later-ltp-or-ltd-06rml8g,Entity;Outcome,Capacity of a synapse for later LTP or LTD,Outcome,,
cathodal-current-0c99fd9,Entity;StimulationProtocol,Cathodal current,StimulationProtocol,cathodal-stimulation,
causal-claim-running-from-induced-field-through-1sz0pqt,Entity;Outcome,Causal claim running from induced field through local tissue and network to behaviour,Outcome,,
cell-ontology-identifier-0im5fkd,Entity;Measurement,Cell Ontology identifier,Measurement,obo-foundry-ontology,
cell-type-15vjqmt,Entity;CellType,Cell type,CellType,,
cem43-the-equivalent-exposure-time-at-43-degrees-1gfbpfs,Entity;Measurement,"CEM43, the equivalent exposure time at 43 degrees C",Measurement,cem43,
central-integration-in-the-afferent-central-effe-0gxdopx,Entity;Circuit,Central integration in the afferent-central-efferent inflammatory reflex loop,Circuit,inflammatory-reflex,
cerad-corrected-total-score-in-alzheimer-s-disea-0fr66dt,Entity;Outcome,CERAD corrected total score in Alzheimer's disease,Outcome,clinical-response,
certainty-of-the-evidence-for-the-effect-0gq1j9a,Entity;Measurement,Certainty of the evidence for the effect,Measurement,evidence-level,
cervical-vagus-nerve-stimulation-as-a-selective-11fo0jp,Entity;ExogenousDrive,Cervical vagus nerve stimulation as a selective drive,ExogenousDrive,vagus-nerve-stimulation,
cftr-mediated-outward-current-in-hek293t-cells-1usqvyl,Entity;GeneProduct,CFTR-mediated outward current in HEK293T cells,GeneProduct,cftr,
channelrhodopsin-2-a-light-gated-cation-channel-1qzuzxx,Entity;GeneProduct,"Channelrhodopsin-2, a light-gated cation channel from algae, delivered to mammalian neurons by lentivirus",GeneProduct,channelrhodopsin-2,
charge-density-and-charge-per-phase-acting-toget-0fkjltj,Entity;StimulationProtocol,Charge density and charge per phase acting together,StimulationProtocol,charge-density,
charge-transfer-across-the-electrode-tissue-inte-04esi5d,Entity;CouplingMechanism,"Charge transfer across the electrode-tissue interface, Faradaic or non-Faradaic",CouplingMechanism,electrode-tissue-interface,
chebi-identifier-14rodp7,Entity;Measurement,ChEBI identifier,Measurement,,
chemically-diverse-general-anaesthetics-1ggzxhv,Entity;ExogenousDrive,Chemically diverse general anaesthetics,ExogenousDrive,general-anaesthesia,
chemogenetic-dose-1i5vbu8,Entity;StimulationProtocol,Chemogenetic dose,StimulationProtocol,dose,
choice-of-e-field-outcome-measure-1s8b743,Entity;Confound,Choice of E-field outcome measure,Confound,e-field-outcome-measure,
cholinergic-neurons-of-the-nucleus-basalis-0btnqwc,Entity;NeuronPopulation,Cholinergic neurons of the nucleus basalis,NeuronPopulation,nucleus-basalis,
cholinergic-noradrenergic-and-serotonergic-recep-0s1u7ot,Entity;Molecule,"Cholinergic, noradrenergic and serotonergic receptor blockade at clinically relevant doses",Molecule,perturbation-method,
chronic-adaptive-deep-brain-stimulation-delivere-1qd4hdt,Entity;StimulationProtocol,Chronic adaptive deep brain stimulation delivered at home,StimulationProtocol,closed-loop-stimulation,
chronic-at-home-adaptive-deep-brain-stimulation-0s1m8km,Entity;StimulationProtocol,Chronic at-home adaptive deep brain stimulation,StimulationProtocol,adaptive-dbs,
chronic-monoaminergic-antidepressant-treatment-10so361,Entity;ExogenousDrive,Chronic monoaminergic antidepressant treatment,ExogenousDrive,,
circulating-cytokine-concentrations-in-humans-0y2wpop,Entity;Molecule,Circulating cytokine concentrations in humans,Molecule,,
circulating-endocrine-messenger-route-or-local-n-0b7kij9,Entity;CouplingMechanism,Circulating endocrine messenger route or local neurosteroidogenesis,CouplingMechanism,route-of-administration,
claim-from-an-unblinded-or-sham-inadequate-study-0nv5h82,Entity;Confound,Claim from an unblinded or sham-inadequate study,Confound,blinding,
claims-resting-on-a-single-session-of-rtms-after-1c1z2nn,Entity;Outcome,Claims resting on a single session of rTMS after-effect measurement,Outcome,,
classic-serotonergic-psychedelics-1sw62g6,Entity;ExogenousDrive,Classic serotonergic psychedelics,ExogenousDrive,psychedelic,
classical-and-rapid-acting-antidepressants-0kui4bq,Entity;Molecule,Classical and rapid-acting antidepressants,Molecule,,
clinical-efficacy-endpoints-0gr15eg,Entity;Outcome,Clinical efficacy endpoints,Outcome,,
clinical-efficacy-of-a-drug-acting-on-that-trans-1uptkd4,Entity;Outcome,Clinical efficacy of a drug acting on that transmitter system,Outcome,,
clinical-endpoints-through-exposure-response-ana-0bq39ya,Entity;Outcome,"Clinical endpoints, through exposure-response analysis",Outcome,exposure-response-analysis,
clinical-imaging-microbubble-dose-during-sonicat-17f81qi,Entity;StimulationProtocol,Clinical imaging microbubble dose during sonication,StimulationProtocol,microbubble,
clinical-intermittent-theta-burst-protocol-itbs6-1i1ivfp,Entity;StimulationProtocol,Clinical intermittent theta-burst protocol iTBS600,StimulationProtocol,itbs600,
clinical-outcome-in-guideline-graded-indications-17dmzku,Entity;Outcome,Clinical outcome in guideline-graded indications,Outcome,evidence-level,
clinical-outcome-of-rtms-for-depression-0tdfq66,Entity;Outcome,Clinical outcome of rTMS for depression,Outcome,clinical-response,
clinical-outcome-on-the-european-guideline-lette-0irmu0h,Entity;Outcome,Clinical outcome on the European guideline letter scale,Outcome,evidence-level,
clinical-response-to-levodopa-in-parkinson-s-dis-1vbsm5c,Entity;Outcome,Clinical response to levodopa in Parkinson's disease,Outcome,clinical-response,
clinician-rated-remission-rate-versus-electrocon-0cayd5u,Entity;Outcome,Clinician-rated remission rate versus electroconvulsive therapy in hospitalised unipolar depression,Outcome,electroconvulsive-therapy,
closed-loop-stimulation-dose-1ez0vzz,Entity;StimulationProtocol,Closed-loop stimulation dose,StimulationProtocol,closed-loop-stimulation,
clozapine-converted-in-vivo-from-clozapine-n-oxi-1g82rwp,Entity;Molecule,"Clozapine, converted in vivo from clozapine-N-oxide",Molecule,active-species,
clozapine-n-oxide-and-not-acetylcholine-1q09dh5,Entity;Molecule,"Clozapine-N-oxide, and not acetylcholine",Molecule,clozapine-n-oxide,
clozapine-the-in-vivo-metabolite-of-clozapine-n-0pkm48h,Entity;Molecule,"Clozapine, the in vivo metabolite of clozapine-N-oxide",Molecule,,
cns-drug-penetration-1ds1xek,Entity;Measurement,CNS drug penetration,Measurement,,
cognitive-performance-in-healthy-adults-17ohfma,Entity;Outcome,Cognitive performance in healthy adults,Outcome,,
cognitive-side-effects-1wswxog,Entity;Outcome,Cognitive side effects,Outcome,,
cognitive-side-effects-of-magnetic-seizure-thera-0fzg3fr,Entity;Outcome,Cognitive side effects of magnetic seizure therapy,Outcome,,
combined-bottom-up-biophysical-and-top-down-netw-1fnug3o,Entity;Measurement,"Combined bottom-up biophysical and top-down network modelling, with detailed microcircuits embedded in larger assemblies",Measurement,morphologically-realistic-model,
comparability-of-edges-into-a-molecular-endpoint-19n23cw,Entity;Outcome,Comparability of edges into a molecular endpoint node,Outcome,convergence,
comparable-neuron-population-nodes-in-an-autonom-1nt8or1,Entity;NeuronPopulation,Comparable neuron population nodes in an autonomic connectivity knowledge base,NeuronPopulation,sckan,
comparative-efficacy-of-ketamine-against-electro-1eunthz,Entity;Outcome,Comparative efficacy of ketamine against electroconvulsive therapy,Outcome,electroconvulsive-therapy,
comparison-of-an-organ-or-structure-across-human-10q3toz,Entity;AnatomicalStructure,Comparison of an organ or structure across humans and model organisms,AnatomicalStructure,,
complete-reporting-of-transcranial-ultrasound-do-0ahqblf,Entity;Outcome,Complete reporting of transcranial ultrasound dose,Outcome,reproducibility,
compositional-phenotype-naming-with-community-on-13ae81i,Entity;Measurement,Compositional phenotype naming with community ontology identifiers,Measurement,neuron-phenotype-ontology,
confidence-in-the-coupling-cellular-or-molecular-09t7uo0,Entity;CouplingMechanism,"Confidence in the coupling, cellular or molecular steps beneath it",CouplingMechanism,,
connectivity-based-targeting-claims-0zrkbhk,Entity;CouplingMechanism,Connectivity-based targeting claims,CouplingMechanism,connectivity-based-targeting,
connectivity-between-the-e-field-defined-stimula-1ay0lz4,Entity;Measurement,Connectivity between the E-field-defined stimulation site and the subgenual ACC,Measurement,target-definition,
consistent-phase-relation-between-two-oscillatin-0hwxbhb,Entity;CouplingMechanism,Consistent phase relation between two oscillating neuronal groups,CouplingMechanism,coherence,
contact-location-and-pressure-information-availa-1a8q0df,Entity;Outcome,Contact location and pressure information available for closed-loop prosthetic control,Outcome,,
continuous-cymba-conchae-tavns-just-below-pain-t-0g49fz4,Entity;ExogenousDrive,Continuous cymba conchae taVNS just below pain threshold,ExogenousDrive,tavns,
continuous-cymba-conchae-transcutaneous-auricula-0rsmh36,Entity;ExogenousDrive,Continuous cymba conchae transcutaneous auricular vagus nerve stimulation,ExogenousDrive,tavns,
continuous-intrathecal-baclofen-infusion-19wec0z,Entity;ExogenousDrive,Continuous intrathecal baclofen infusion,ExogenousDrive,intrathecal,
continuous-transcutaneous-auricular-vagus-nerve-1f9kcxj,Entity;ExogenousDrive,Continuous transcutaneous auricular vagus nerve stimulation,ExogenousDrive,tavns,
convection-enhanced-delivery-by-sustained-inters-1wkm3ll,Entity;ExogenousDrive,Convection-enhanced delivery by sustained interstitial pressure gradient,ExogenousDrive,convection-enhanced-delivery,
convection-enhanced-delivery-infusion-volume-076m9dy,Entity;ExogenousDrive,Convection-enhanced delivery infusion volume,ExogenousDrive,convection-enhanced-delivery,
convection-enhanced-intraparenchymal-delivery-1vjattb,Entity;ExogenousDrive,Convection-enhanced intraparenchymal delivery,ExogenousDrive,convection-enhanced-delivery,
conventional-low-intensity-transcranial-electric-04xrz0e,Entity;ExogenousDrive,Conventional low-intensity transcranial electrical stimulation at 1-2 mA,ExogenousDrive,tes,
convergence-of-antidepressants-and-psychedelics-0qvarei,Entity;CouplingMechanism,Convergence of antidepressants and psychedelics on TrkB,CouplingMechanism,trkb,
cortical-astrocytes-0tjz2tb,Entity;CellType,Cortical astrocytes,CellType,astrocyte,
cortical-cooling-as-a-human-therapeutic-drive-03dijsy,Entity;ExogenousDrive,Cortical cooling as a human therapeutic drive,ExogenousDrive,,
cortical-excitability-during-motor-practice-1u6ua9m,Entity;Measurement,Cortical excitability during motor practice,Measurement,,
cortical-neuron-types-across-three-published-cla-1xfd2c2,Entity;NeuronPopulation,Cortical neuron types across three published classifications,NeuronPopulation,,
cortical-neurons-directly-and-immediately-judged-15l9sx3,Entity;NeuronPopulation,"Cortical neurons directly and immediately, judged probably too weak to do so",NeuronPopulation,,
corticospinal-excitability-1o9kehu,Entity;Measurement,Corticospinal excitability,Measurement,,
corticospinal-excitability-in-the-textbook-direc-044n4gd,Entity;Measurement,Corticospinal excitability in the textbook direction,Measurement,response-variability,
corticospinal-neurons-trans-synaptically-read-as-19ic1f5,Entity;NeuronPopulation,"Corticospinal neurons trans-synaptically, read as indirect (I-wave) descending volleys",NeuronPopulation,i-wave,
cortisol-response-to-a-laboratory-stressor-1chenc7,Entity;Measurement,Cortisol response to a laboratory stressor,Measurement,cortisol,
csf-influx-and-interstitial-fluid-efflux-with-as-1oi9xcw,Entity;Outcome,"CSF influx and interstitial fluid efflux, with astrocytic AQP4 repolarization",Outcome,aquaporin-4,
curated-population-level-structural-connectivity-0v18usz,Entity;Measurement,Curated population-level structural connectivity of autonomic projections,Measurement,,
cytochrome-c-oxidase-activity-blocked-by-potassi-1skfl0y,Entity;Molecule,Cytochrome c oxidase activity blocked by potassium cyanide,Molecule,cytochrome-c-oxidase,
d-cycloserine-100-mg-added-to-intermittent-theta-0ub4vwm,Entity;ExogenousDrive,D-cycloserine 100 mg added to intermittent theta-burst stimulation,ExogenousDrive,,
d2-receptor-occupancy-above-roughly-75-85-by-ant-199e8gk,Entity;Molecule,D2 receptor occupancy above roughly 75-85% by antagonists,Molecule,d2-receptor,
damage-associated-molecular-patterns-and-a-paren-0c1m376,Entity;Pathway,Damage-associated molecular patterns and a parenchymal sterile inflammatory response,Pathway,sterile-inflammation,
damage-associated-molecular-patterns-and-a-paren-0frh86k,Entity;Outcome,Damage-associated molecular patterns and a parenchymal sterile inflammatory response,Outcome,sterile-inflammation,
dbs-pulses-in-the-subthalamic-nucleus-1k75ppv,Entity;StimulationProtocol,DBS pulses in the subthalamic nucleus,StimulationProtocol,subthalamic-nucleus,
deciding-among-the-four-rival-accounts-of-low-in-072ij63,Entity;Outcome,"Deciding among the four rival accounts of low-intensity ultrasound coupling, which are not mutually exclusive and not resolved",Outcome,rival-edge,
deciding-between-the-thermal-and-the-mechanical-1c7mqdo,Entity;Outcome,Deciding between the thermal and the mechanical account of low-intensity ultrasound,Outcome,rival-edge,
deciding-whether-barrier-opening-is-itself-a-wou-0y28qxu,Entity;Outcome,Deciding whether barrier opening is itself a wounding event or inflammation is a dose effect,Outcome,hypothesis-group,
deciding-whether-low-intensity-tes-effects-are-c-06j734d,Entity;Outcome,Deciding whether low-intensity tES effects are cortical or peripheral,Outcome,rival-edge,
definition-of-the-target-literature-coordinate-a-0ou28og,Entity;Confound,"Definition of the target (literature coordinate, anatomical, functional or E-field-derived volume)",Confound,target-definition,
delivered-acoustic-pressure-during-sonication-0yjns6m,Entity;StimulationProtocol,Delivered acoustic pressure during sonication,StimulationProtocol,closed-loop-stimulation,
delivery-of-deep-brain-stimulation-1aktvla,Entity;StimulationProtocol,Delivery of deep brain stimulation,StimulationProtocol,adaptive-dbs,
demodulation-of-the-temporal-interference-amplit-084653t,Entity;CouplingMechanism,"Demodulation of the temporal-interference amplitude envelope, which passive membrane filtering cannot extract",CouplingMechanism,amplitude-envelope,
dentate-gyrus-population-epsp-amplitude-1rv7394,Entity;Measurement,Dentate gyrus population EPSP amplitude,Measurement,long-term-potentiation,
depression-01ktf3d,Entity;Outcome,Depression,Outcome,serotonin-premise,
depression-severity-on-the-25-item-hamilton-scal-1y8vmq5,Entity;Outcome,Depression severity on the 25-item Hamilton scale,Outcome,clinical-response,
depression-severity-relative-to-placebo-0dmmu81,Entity;Outcome,Depression severity relative to placebo,Outcome,clinical-response,
depressive-symptoms-in-treatment-resistant-depre-0p3tzrw,Entity;Outcome,Depressive symptoms in treatment-resistant depression,Outcome,clinical-response,
designer-receptors-in-the-brain-0pn0hln,Entity;GeneProduct,Designer receptors in the brain,GeneProduct,chemogenetics,
designer-receptors-produced-by-directed-evolutio-0gt1cdr,Entity;GeneProduct,Designer receptors produced by directed evolution of muscarinic receptors,GeneProduct,chemogenetics,
designer-receptors-with-low-affinity-and-without-0q8dntp,Entity;GeneProduct,"Designer receptors, with low affinity and without entering the brain",GeneProduct,chemogenetics,
device-side-dose-electrode-or-coil-configuration-0gn1ykj,Entity;StimulationProtocol,"Device-side dose: electrode or coil configuration, waveform, pulse parameters, and timing of pulses, trains and sessions",StimulationProtocol,dose-parameter-set,
difference-in-setting-severity-and-endpoint-betw-0u0o761,Entity;Confound,"Difference in setting, severity and endpoint between the two head-to-head trials",Confound,,
different-excitatory-and-inhibitory-intracortica-1n8zjvx,Entity;Circuit,"Different excitatory and inhibitory intracortical circuits, indexed by D- and I-wave volleys",Circuit,i-wave,
different-sensitivities-to-electrode-or-coil-ori-0hbu6kj,Entity;Measurement,Different sensitivities to electrode or coil orientation; a claim about somata does not license a claim about terminals,Measurement,coupling-constant,
diffusion-influx-and-efflux-at-the-blood-brain-b-0zrnwmp,Entity;AnatomicalStructure,"Diffusion, influx and efflux at the blood-brain barrier and distribution among CNS compartments",AnatomicalStructure,blood-brain-barrier,
direct-current-applied-during-ltp-or-ltd-inducti-1ib4u3i,Entity;ExogenousDrive,Direct current applied during LTP or LTD induction,ExogenousDrive,modulation-versus-initiation,
direct-electrical-stimulation-of-the-peripheral-1ftjqte,Entity;ExogenousDrive,Direct electrical stimulation of the peripheral vagus nerve,ExogenousDrive,vagus-nerve-stimulation,
direct-mitochondrial-stimulation-in-cortex-12sxvwy,Entity;Outcome,Direct mitochondrial stimulation in cortex,Outcome,mitochondrial-function,
direct-molecular-target-of-2r-6r-hydroxynorketam-1lcn19w,Entity;Molecule,"Direct molecular target of (2R,6R)-hydroxynorketamine",Molecule,hydroxynorketamine,
direction-of-a-synaptic-change-inferred-from-a-m-1kc432m,Entity;Measurement,Direction of a synaptic change inferred from a molecular activity marker,Measurement,,
direction-of-human-tus-outcome-enhancement-versu-1e95r1l,Entity;Outcome,"Direction of human TUS outcome, enhancement versus suppression",Outcome,,
direction-of-human-tus-outcome-null-result-0ge0m0f,Entity;Outcome,Direction of human TUS outcome (null result),Outcome,,
direction-of-human-tus-outcome-with-shorter-dura-0endl0n,Entity;Outcome,"Direction of human TUS outcome, with shorter durations favouring excitation",Outcome,,
direction-of-the-after-effect-of-pas-anodal-tdcs-1sad5rv,Entity;Outcome,"Direction of the after-effect of PAS, anodal tDCS and intermittent TBS",Outcome,,
direction-of-the-plasticity-outcome-of-triple-pu-0vjs7ba,Entity;Outcome,Direction of the plasticity outcome of triple-pulse TMS bursts,Outcome,phase-triggered-stimulation,
direction-of-the-subsequent-rtms-after-effect-on-0pg98lb,Entity;Outcome,Direction of the subsequent rTMS after-effect on corticospinal excitability,Outcome,homeostatic-metaplasticity,
disease-related-change-in-blood-brain-barrier-fu-013w6su,Entity;AnatomicalStructure,Disease-related change in blood-brain barrier function,AnatomicalStructure,blood-brain-barrier,
distal-apical-dendrite-with-sign-opposite-to-the-0wn9f18,Entity;SubcellularComponent,"Distal apical dendrite, with sign opposite to the soma",SubcellularComponent,compartment-specific-polarisation,
distinct-forebrain-targets-with-heterogeneous-re-1hdm2nn,Entity;AnatomicalStructure,Distinct forebrain targets with heterogeneous receptor distributions,AnatomicalStructure,,
distinguishing-the-effect-of-the-same-agonist-at-12qgnm8,Entity;Outcome,Distinguishing the effect of the same agonist at the same receptor inside the cell and at the surface,Outcome,,
dopamine-in-the-ipsilateral-dorsal-caudate-measu-1eve4zd,Entity;Molecule,"Dopamine in the ipsilateral dorsal caudate, measured as reduced [11C]raclopride binding",Molecule,raclopride-pet,
dose-stored-as-a-per-drive-class-parameter-set-e-16f3s23,Entity;StimulationProtocol,"Dose stored as a per-drive-class parameter set, each parameter with its unit",StimulationProtocol,dose-parameter-set,
downstream-nmda-receptor-activation-1hiq8gl,Entity;GeneProduct,Downstream NMDA receptor activation,GeneProduct,nmda-receptor,
downstream-nmda-receptor-activation-1mseg8j,Entity;Molecule,Downstream NMDA receptor activation,Molecule,nmda-receptor,
dreadd-designer-muscarinic-receptor-11xs1yq,Entity;GeneProduct,DREADD designer muscarinic receptor,GeneProduct,,
drug-concentration-in-brain-extracellular-fluid-0oj19s7,Entity;Measurement,Drug concentration in brain extracellular fluid at the receptor,Measurement,brain-extracellular-fluid,
drug-delivered-to-brain-targets-relative-to-intr-1v0ghkp,Entity;Measurement,Drug delivered to brain targets relative to intravenous dosing,Measurement,,
drug-ligand-or-neurotransmitter-as-a-chemical-en-17rwce3,Entity;Molecule,"Drug, ligand or neurotransmitter as a chemical entity",Molecule,,
duty-cycle-and-intensity-of-low-intensity-ultras-0lqeiow,Entity;StimulationProtocol,Duty cycle and intensity of low-intensity ultrasound,StimulationProtocol,duty-cycle,
duty-cycle-of-low-intensity-transcranial-ultraso-169cdw4,Entity;StimulationProtocol,Duty cycle of low-intensity transcranial ultrasound,StimulationProtocol,duty-cycle,
each-link-in-the-drive-to-outcome-chain-0goz76w,Entity;Pathway,Each link in the drive-to-outcome chain,Pathway,drive-to-outcome-chain,
earlier-synaptic-activity-metaplasticity-0y1z7m3,Entity;CouplingMechanism,Earlier synaptic activity (metaplasticity),CouplingMechanism,metaplasticity,
early-changes-in-emotional-and-social-informatio-0nmqg2q,Entity;Pathway,"Early changes in emotional and social information processing, and drug-induced plasticity, as middle-level frameworks",Pathway,ltp-like-plasticity,
early-tep-components-and-beta-band-eeg-responses-1k37dux,Entity;Measurement,Early TEP components and beta-band EEG responses surviving sham subtraction,Measurement,tms-evoked-potential,
ect-adverse-effects-with-efficacy-retained-0j3vd8t,Entity;Outcome,"ECT adverse effects, with efficacy retained",Outcome,electroconvulsive-therapy,
eef2-kinase-1k9xlzs,Entity;GeneProduct,eEF2 kinase,GeneProduct,eef2-kinase,
eef2-kinase-deactivation-00kf7i1,Entity;Pathway,eEF2 kinase deactivation,Pathway,eef2-kinase,
eeg-alpha-activity-reliably-0bg44mf,Entity;Measurement,"EEG alpha activity, reliably",Measurement,oscillation,
effect-sizes-reported-in-psychedelic-and-ketamin-0eg5pvl,Entity;Outcome,Effect sizes reported in psychedelic and ketamine randomised trials,Outcome,,
effective-connectivity-between-the-groups-09sk8np,Entity;Circuit,Effective connectivity between the groups,Circuit,,
effective-stimulus-the-field-at-the-neuron-the-p-027l6sd,Entity;Measurement,"Effective stimulus: the field at the neuron, the pressure at the transducing cell, the drug concentration at the receptor, or a co-stimulated peripheral input",Measurement,effective-stimulus,
effective-unblinding-by-unmistakable-acute-drug-15anhwp,Entity;Confound,Effective unblinding by unmistakable acute drug effects,Confound,expectancy,
effects-attributed-to-focal-transcranial-ultraso-033bzci,Entity;Outcome,Effects attributed to focal transcranial ultrasound,Outcome,,
effects-attributed-to-the-transcranially-induced-0xia0dk,Entity;Outcome,Effects attributed to the transcranially induced field,Outcome,,
efferent-axons-with-antidromic-recruitment-of-co-00jt5j3,Entity;NeuronPopulation,"Efferent axons, with antidromic recruitment of cortex",NeuronPopulation,antidromic-activation,
efferent-firing-pattern-and-downstream-decoding-1j1ia3f,Entity;Measurement,Efferent firing pattern and downstream decoding measured together,Measurement,perturbation-method,
efferent-parasympathetic-anti-inflammatory-pathw-16xnszh,Entity;Pathway,Efferent parasympathetic anti-inflammatory pathway,Pathway,inflammatory-reflex,
efficacy-of-an-applied-oscillatory-drive-0oq7wzk,Entity;ExogenousDrive,Efficacy of an applied oscillatory drive,ExogenousDrive,entrainment,
electric-magnetic-ultrasonic-and-optical-non-inv-1i8pl0q,Entity;ExogenousDrive,"Electric, magnetic, ultrasonic and optical non-invasive drives",ExogenousDrive,drive,
electrical-or-pharmacological-drive-applied-to-t-1kqyknz,Entity;ExogenousDrive,Electrical or pharmacological drive applied to the cholinergic anti-inflammatory loop,ExogenousDrive,drive,
electrical-stimulation-of-the-peripheral-vagus-n-0uig3is,Entity;ExogenousDrive,Electrical stimulation of the peripheral vagus nerve during lethal endotoxaemia,ExogenousDrive,vagus-nerve-stimulation,
electrode-placement-and-pulse-width-in-electroco-1v59d0y,Entity;StimulationProtocol,Electrode placement and pulse width in electroconvulsive therapy,StimulationProtocol,electroconvulsive-therapy,
emotional-and-social-information-processing-and-1o1vcya,Entity;Outcome,"Emotional and social information processing, and drug-induced plasticity",Outcome,,
endogenous-electric-fields-during-physiological-0vm8100,Entity;CouplingMechanism,Endogenous electric fields during physiological cortical activity,CouplingMechanism,endogenous-field,
endogenous-neuromodulatory-substances-reaching-n-1pv5wtf,Entity;Molecule,"Endogenous neuromodulatory substances reaching neurons as local hormones, cotransmitters and through the circulation",Molecule,neuromodulator,
endogenous-sleep-and-arousal-circuitry-with-the-09me7al,Entity;Circuit,"Endogenous sleep and arousal circuitry, with the thalamus and its regulating networks at the centre",Circuit,,
endogenous-sleep-and-arousal-circuitry-with-the-1sglo17,Entity;Circuit,"Endogenous sleep and arousal circuitry, with the thalamus central",Circuit,,
energy-deposited-in-cortex-by-transcranial-near-1qn3l2z,Entity;Measurement,Energy deposited in cortex by transcranial near-infrared light,Measurement,fluence,
engagement-of-that-coupling-mechanism-by-the-hum-1r16gq7,Entity;Outcome,Engagement of that coupling mechanism by the human protocol,Outcome,,
enteroendocrine-neuropod-cells-0adwobi,Entity;CellType,Enteroendocrine neuropod cells,CellType,neuropod-cell,
epidural-cortical-stimulation-0o47uxo,Entity;ExogenousDrive,Epidural cortical stimulation,ExogenousDrive,,
epidural-spinal-cord-stimulation-1gf10bq,Entity;ExogenousDrive,Epidural spinal cord stimulation,ExogenousDrive,spinal-cord-stimulation,
episodic-memory-accuracy-in-healthy-volunteers-01pxynu,Entity;Outcome,Episodic memory accuracy in healthy volunteers,Outcome,,
erratic-plasma-uptake-and-dose-to-dose-variabili-0resq9s,Entity;Confound,Erratic plasma uptake and dose-to-dose variability of levodopa,Confound,levodopa,
estimated-blinding-integrity-of-a-stimulation-tr-0tnegpw,Entity;Measurement,Estimated blinding integrity of a stimulation trial,Measurement,blinding,
event-related-pupil-dilation-resting-pupil-size-1kwdixd,Entity;Measurement,"Event-related pupil dilation, resting pupil size, cortisol, salivary alpha-amylase, cardiac vagal activity and respiration",Measurement,target-engagement,
every-transferable-dose-unit-in-the-modality-map-04kecs7,Entity;Measurement,Every transferable dose unit in the modality map,Measurement,dose,
evidence-and-conclusion-ontology-type-alongside-13shlxn,Entity;Measurement,Evidence and Conclusion Ontology type alongside a GRADE certainty grade,Measurement,evidence-and-conclusion-ontology,
evidence-type-recorded-on-every-imported-edge-0mrs0s3,Entity;Measurement,Evidence type recorded on every imported edge,Measurement,evidence-and-conclusion-ontology,
evoked-resonant-neural-activity-within-the-nucle-01fay8w,Entity;Measurement,Evoked resonant neural activity within the nucleus,Measurement,evoked-resonant-activity,
ex-vivo-tnf-production-in-healthy-human-voluntee-0u5u5hr,Entity;Outcome,Ex vivo TNF production in healthy human volunteers,Outcome,tnf,
excitation-against-suppression-as-predicted-by-t-1i4yozd,Entity;Outcome,"Excitation against suppression, as predicted by the intramembrane cavitation model",Outcome,,
excitatory-synaptic-strength-with-dendritic-spin-0wf4cye,Entity;Measurement,Excitatory synaptic strength with dendritic spine remodelling,Measurement,dendritic-spine,
exposure-to-clozapine-a-metabolite-of-the-inject-1b479h2,Entity;Measurement,"Exposure to clozapine, a metabolite of the injected clozapine N-oxide",Measurement,active-species,
extrapyramidal-symptom-risk-11jf484,Entity;Outcome,Extrapyramidal symptom risk,Outcome,,
extrapyramidal-symptom-risk-despite-high-d2-occu-1n34nv7,Entity;Outcome,Extrapyramidal symptom risk despite high D2 occupancy,Outcome,,
feedback-controlled-focused-ultrasound-with-circ-1kpbuuo,Entity;ExogenousDrive,Feedback-controlled focused ultrasound with circulating microbubbles,ExogenousDrive,blood-brain-barrier-opening,
fibre-class-heterogeneity-of-the-vagus-0tqrulm,Entity;Confound,Fibre-class heterogeneity of the vagus,Confound,vagus-nerve,
fibre-terminations-bends-and-points-where-the-fi-1jrv24u,Entity;SubcellularComponent,"Fibre terminations, bends and points where the field gradient changes",SubcellularComponent,terminal-polarisation,
field-amplitude-of-about-2-4-mv-mm-0tq9amr,Entity;Measurement,Field amplitude of about 2-4 mV/mm,Measurement,millivolts-per-millimetre,
field-focality-of-magnetic-seizure-therapy-11kztj5,Entity;CouplingMechanism,Field focality of magnetic seizure therapy,CouplingMechanism,depth-focality-tradeoff,
firing-frequency-of-an-already-active-neuron-at-1i42nm8,Entity;Measurement,"Firing frequency of an already-active neuron, at a far smaller gradient than is needed to excite a silent one",Measurement,,
flexibly-dosed-intranasal-esketamine-plus-a-new-0vcjb6j,Entity;ExogenousDrive,Flexibly dosed intranasal esketamine plus a new oral antidepressant,ExogenousDrive,esketamine,
focal-extracellular-electrical-stimulation-near-1tf3nm1,Entity;ExogenousDrive,Focal extracellular electrical stimulation near a monopolar electrode,ExogenousDrive,current-distance-relation,
focused-ultrasound-at-10-mhz-and-0-3-4-9-w-cm2-0vki245,Entity;ExogenousDrive,Focused ultrasound at 10 MHz and 0.3-4.9 W/cm2,ExogenousDrive,tus,
focused-ultrasound-blood-brain-barrier-opening-02j1urh,Entity;ExogenousDrive,Focused-ultrasound blood-brain barrier opening,ExogenousDrive,blood-brain-barrier-opening,
focused-ultrasound-momentum-transfer-1cnzj3l,Entity;ExogenousDrive,Focused ultrasound momentum transfer,ExogenousDrive,tus,
focused-ultrasound-thalamotomy-16acbqb,Entity;ExogenousDrive,Focused ultrasound thalamotomy,ExogenousDrive,,
focused-ultrasound-with-an-injected-ultrasound-c-1b80nz9,Entity;ExogenousDrive,Focused ultrasound with an injected ultrasound contrast agent,ExogenousDrive,blood-brain-barrier-opening,
four-distinct-physical-coupling-problems-0y1ncgx,Entity;CouplingMechanism,Four distinct physical coupling problems,CouplingMechanism,coupling,
frequency-duty-cycle-current-density-and-electro-08x8ucl,Entity;StimulationProtocol,"Frequency, duty cycle, current density and electrode size, which the Shannon equation omits",StimulationProtocol,charge-density,
frequency-specific-oscillatory-power-through-net-0w2yjoq,Entity;Circuit,Frequency-specific oscillatory power through network resonance,Circuit,oscillation,
gaba-a-receptor-function-13d88k8,Entity;Molecule,GABA-A receptor function,Molecule,gaba-a-receptor,
gaba-a-receptor-function-by-a-direct-non-genomic-1fd4hfn,Entity;GeneProduct,"GABA-A receptor function, by a direct non-genomic allosteric action",GeneProduct,gaba-a-receptor,
gaba-a-receptor-function-by-a-direct-non-genomic-1s53kef,Entity;Molecule,"GABA-A receptor function, by a direct non-genomic action",Molecule,gaba-a-receptor,
gain-from-motor-skill-training-08yqxw4,Entity;Outcome,Gain from motor skill training,Outcome,,
gait-disturbance-and-paraesthesias-or-numbness-i-1q47zfu,Entity;Outcome,Gait disturbance and paraesthesias or numbness in treated patients,Outcome,,
galvanic-vestibular-stimulation-0yhotqn,Entity;ExogenousDrive,Galvanic vestibular stimulation,ExogenousDrive,,
gas-filled-microbubbles-1l1c64w,Entity;CouplingMechanism,Gas-filled microbubbles,CouplingMechanism,microbubble,
gating-by-reduced-intracortical-inhibition-durin-0jho4tq,Entity;CouplingMechanism,Gating by reduced intracortical inhibition during practice,CouplingMechanism,gating,
gene-ontology-term-0ov3e1t,Entity;Measurement,Gene Ontology term,Measurement,,
general-anaesthetics-06oau06,Entity;ExogenousDrive,General anaesthetics,ExogenousDrive,general-anaesthesia,
general-anaesthetics-13smwkz,Entity;Molecule,General anaesthetics,Molecule,general-anaesthesia,
glial-activation-and-neuronal-injury-markers-on-1caksxv,Entity;Measurement,Glial activation and neuronal injury markers on TSPO PET and MR spectroscopy,Measurement,tspo,
glutamate-through-best1-channels-0bqqn43,Entity;Molecule,Glutamate through Best1 channels,Molecule,best1,
glutamate-through-best1-channels-onto-neuronal-n-1efrvbc,Entity;Molecule,Glutamate through Best1 channels onto neuronal NMDA receptors,Molecule,best1,
glycolysis-mitochondrial-function-and-calcium-re-0epg4yo,Entity;Pathway,"Glycolysis, mitochondrial function and calcium-related signalling in the stimulated tissue",Pathway,mitochondrial-function,
graded-certainty-of-the-evidence-for-it-1925jva,Entity;Measurement,Graded certainty of the evidence for it,Measurement,evidence-level,
granular-retrosplenial-cortex-1oy5u66,Entity;AnatomicalStructure,Granular retrosplenial cortex,AnatomicalStructure,,
gross-tissue-damage-0rkfvcj,Entity;Outcome,Gross tissue damage,Outcome,tissue-damage-threshold,
guideline-evidence-level-for-a-drive-to-outcome-03xlobw,Entity;Measurement,Guideline evidence level for a drive-to-outcome edge,Measurement,evidence-level,
half-second-vagus-nerve-stimulation-trains-05q0ma8,Entity;StimulationProtocol,Half-second vagus nerve stimulation trains,StimulationProtocol,vagus-nerve-stimulation,
hamilton-depression-score-in-moderate-to-severe-149pw2d,Entity;Outcome,Hamilton depression score in moderate to severe postpartum depression,Outcome,,
hand-tremor-score-in-essential-tremor-1n5xbx8,Entity;Outcome,Hand-tremor score in essential tremor,Outcome,clinical-response,
hdrs-21-score-in-severe-treatment-resistant-depr-1eima97,Entity;Outcome,HDRS-21 score in severe treatment-resistant depression,Outcome,,
head-size-across-mouse-monkey-and-human-07wnvmb,Entity;AnatomicalStructure,"Head size across mouse, monkey and human",AnatomicalStructure,,
heart-rate-variability-indices-of-vagal-activity-0bq0rah,Entity;Measurement,Heart-rate-variability indices of vagal activity,Measurement,,
hepatic-tnf-synthesis-and-peak-serum-tnf-0irsc2x,Entity;Molecule,Hepatic TNF synthesis and peak serum TNF,Molecule,tnf,
hepatic-tnf-synthesis-and-the-serum-tnf-peak-in-0yn19f1,Entity;Molecule,Hepatic TNF synthesis and the serum TNF peak in endotoxaemia,Molecule,tnf,
high-frequency-deep-brain-stimulation-052mwno,Entity;StimulationProtocol,High-frequency deep brain stimulation,StimulationProtocol,deep-brain-stimulation,
high-frequency-extracellular-stimulation-of-intr-1y9ol72,Entity;StimulationProtocol,High-frequency extracellular stimulation of intrinsically active neurons,StimulationProtocol,deep-brain-stimulation,
high-microbubble-dose-during-sonication-1julm3r,Entity;StimulationProtocol,High microbubble dose during sonication,StimulationProtocol,microbubble,
higher-skin-melanin-1ntlzxn,Entity;Confound,Higher skin melanin,Confound,melanin,
hippocampal-fmri-activity-during-memory-encoding-0fv1yoz,Entity;Measurement,Hippocampal fMRI activity during memory encoding,Measurement,,
hippocampal-neurons-without-driving-the-overlyin-0kqpcyv,Entity;NeuronPopulation,Hippocampal neurons without driving the overlying cortex,NeuronPopulation,,
how-strongly-the-efferent-cholinergic-limb-fires-1rod6st,Entity;Measurement,How strongly the efferent cholinergic limb fires,Measurement,,
how-well-its-coupling-step-is-specified-0t6ikdw,Entity;CouplingMechanism,How well its coupling step is specified,CouplingMechanism,coupling,
human-motor-cortex-excitability-with-direction-s-04zi5pq,Entity;Measurement,"Human motor cortex excitability, with direction set by whether the train is continuous or intermittent",Measurement,motor-evoked-potential,
human-transcranial-temporal-interference-stimula-0kzy9ws,Entity;ExogenousDrive,Human transcranial temporal interference stimulation,ExogenousDrive,temporal-interference,
human-trpa1-expressed-unilaterally-in-mouse-laye-0rcbegw,Entity;GeneProduct,Human TRPA1 expressed unilaterally in mouse layer V motor cortex,GeneProduct,trpa1,
immediate-early-gene-markers-as-a-direction-blin-05qt5xk,Entity;Confound,Immediate-early gene markers as a direction-blind readout,Confound,immediate-early-gene,
implantable-electrical-therapies-for-chronic-pai-1caisa3,Entity;StimulationProtocol,Implantable electrical therapies for chronic pain,StimulationProtocol,spinal-cord-stimulation,
implanted-drug-pump-delivering-pharmaceutical-ag-0vjslba,Entity;ExogenousDrive,Implanted drug pump delivering pharmaceutical agents,ExogenousDrive,route-of-administration,
implanted-vagus-nerve-neuroimmune-modulation-dev-1vju2ux,Entity;ExogenousDrive,Implanted vagus-nerve neuroimmune modulation device,ExogenousDrive,vagus-nerve-stimulation,
importing-curated-anatomy-alongside-stimulation-1k9tww0,Entity;Outcome,Importing curated anatomy alongside stimulation-response claims without conflating them,Outcome,species-translation,
in-vitro-receptor-affinity-0w5fcmu,Entity;Measurement,In vitro receptor affinity,Measurement,affinity,
in-vivo-target-engagement-of-the-administered-co-0mokx7a,Entity;Measurement,In vivo target engagement of the administered compound,Measurement,target-engagement,
incident-near-infrared-light-at-810-and-1064-nm-165745x,Entity;ExogenousDrive,Incident near-infrared light at 810 and 1064 nm,ExogenousDrive,photobiomodulation,
incomplete-reporting-against-the-contes-concurre-0s1333n,Entity;Confound,Incomplete reporting against the ContES concurrent tES-fMRI checklist,Confound,reporting-checklist,
incomplete-ultrasound-parameter-reporting-and-se-1mxy4x7,Entity;Confound,Incomplete ultrasound parameter reporting and selection bias,Confound,dose-parameter-set,
independent-variation-of-microbubble-dose-and-ba-1cra4r9,Entity;Measurement,Independent variation of microbubble dose and barrier permeability with shared inflammatory read-outs,Measurement,sterile-inflammation,
individual-finite-element-head-models-1gagvd8,Entity;Measurement,Individual finite-element head models,Measurement,finite-element-head-model,
individualised-finite-element-e-field-modelling-0yoybs6,Entity;Measurement,Individualised finite-element E-field modelling from MRI,Measurement,simnibs,
induced-electric-field-strength-for-tms-and-tes-0dv6r4t,Entity;Measurement,Induced electric field strength for TMS and tES,Measurement,e-field,
induction-protocol-with-parameters-readout-prepa-1kualvh,Entity;Measurement,"Induction protocol with parameters, readout, preparation, species and direction",Measurement,preparation,
inertness-and-perceptual-credibility-of-the-tdcs-0g8zeya,Entity;Measurement,Inertness and perceptual credibility of the tDCS control condition,Measurement,blinding,
information-transmitted-by-the-stimulated-nucleu-1shmzgu,Entity;Outcome,Information transmitted by the stimulated nucleus's output,Outcome,informational-lesion,
inhaled-nitrous-oxide-0w46ovu,Entity;ExogenousDrive,Inhaled nitrous oxide,ExogenousDrive,nitrous-oxide,
inhibition-of-tnf-by-vagus-nerve-stimulation-0awdl73,Entity;Outcome,Inhibition of TNF by vagus nerve stimulation,Outcome,tnf,
interpretation-of-concurrent-tes-fmri-target-eng-1ujxtvs,Entity;Measurement,Interpretation of concurrent tES-fMRI target engagement,Measurement,target-engagement,
interpretation-of-tms-eeg-measures-1t13fp3,Entity;Measurement,Interpretation of TMS-EEG measures,Measurement,tms-eeg,
intervening-spinal-segment-and-muscle-in-the-cor-0aeml70,Entity;Confound,Intervening spinal segment and muscle in the corticospinal readout,Confound,readout,
intracellular-rather-than-cell-surface-5-ht2a-re-0j77urp,Entity;SubcellularComponent,Intracellular rather than cell-surface 5-HT2A receptors,SubcellularComponent,receptor-compartment,
intracellular-rather-than-cell-surface-5-ht2a-re-0oyuupw,Entity;GeneProduct,Intracellular rather than cell-surface 5-HT2A receptors,GeneProduct,receptor-compartment,
intracellular-rather-than-cell-surface-5-ht2a-re-0y21hga,Entity;Molecule,Intracellular rather than cell-surface 5-HT2A receptors,Molecule,five-ht2a-receptor,
intracortical-axon-terminals-at-the-gyral-crown-1cxa46y,Entity;SubcellularComponent,"Intracortical axon terminals at the gyral crown and lip, with layer-5 pyramidal cells the most excitable",SubcellularComponent,layer-v-pyramidal-neuron,
intracortical-microstimulation-used-as-a-write-i-0h3e9zy,Entity;ExogenousDrive,Intracortical microstimulation used as a write-in channel,ExogenousDrive,,
intracranial-electric-field-in-superficial-corte-0wjkdmh,Entity;Measurement,Intracranial electric field in superficial cortex,Measurement,e-field,
intracranially-measured-cortical-and-depth-elect-0euycx7,Entity;Measurement,Intracranially measured cortical and depth electric fields,Measurement,e-field,
intramembrane-cavitation-of-the-lipid-bilayer-as-0iitjy7,Entity;CouplingMechanism,"Intramembrane cavitation of the lipid bilayer as a bilayer sonophore, rectified into a periodic capacitance change",CouplingMechanism,intramembrane-cavitation,
intranasal-delivery-1wwpzav,Entity;ExogenousDrive,Intranasal delivery,ExogenousDrive,intranasal,
intranasal-dosing-at-matched-systemic-exposure-1d5f2c8,Entity;ExogenousDrive,Intranasal dosing at matched systemic exposure,ExogenousDrive,intranasal,
intrathecal-baclofen-infusion-1fgg0mw,Entity;ExogenousDrive,Intrathecal baclofen infusion,ExogenousDrive,intrathecal,
intrathecal-pump-infusion-1m7lpsy,Entity;StimulationProtocol,Intrathecal pump infusion,StimulationProtocol,intrathecal,
intravenous-ketamine-0-5-mg-kg-0zrtu7q,Entity;ExogenousDrive,Intravenous ketamine 0.5 mg/kg,ExogenousDrive,ketamine,
intravenous-ketamine-0-5-mg-kg-twice-weekly-1d4onip,Entity;ExogenousDrive,Intravenous ketamine 0.5 mg/kg twice weekly,ExogenousDrive,ketamine,
intrinsic-efficacy-and-agonist-selective-recepto-1tiajiv,Entity;Molecule,Intrinsic efficacy and agonist-selective receptor active states,Molecule,intrinsic-efficacy,
intrinsic-firing-properties-and-effective-synapt-1ar6oju,Entity;Measurement,Intrinsic firing properties and effective synaptic strength,Measurement,,
invasiveness-of-a-modality-0e8mmoc,Entity;Measurement,Invasiveness of a modality,Measurement,,
ion-channel-rectification-1maxih9,Entity;CouplingMechanism,Ion-channel rectification,CouplingMechanism,rectification,
itrusst-reporting-consensus-for-low-intensity-tr-0sgkvsj,Entity;Measurement,ITRUSST reporting consensus for low-intensity transcranial ultrasound stimulation,Measurement,reporting-checklist,
jaw-representation-area-on-intracortical-microst-1rjyqdk,Entity;Measurement,Jaw representation area on intracortical microstimulation mapping,Measurement,cortical-map-plasticity,
joining-the-drive-to-outcome-chain-across-modali-1btlg0l,Entity;Outcome,Joining the drive-to-outcome chain across modality families in one graph,Outcome,drive-to-outcome-chain,
ketamine-18wc57v,Entity;Molecule,Ketamine,Molecule,ketamine,
ketamine-as-administered-1uxw6y1,Entity;ExogenousDrive,Ketamine as administered,ExogenousDrive,active-species,
ketamine-dose-02f83lb,Entity;ExogenousDrive,Ketamine dose,ExogenousDrive,ketamine,
ketamine-induced-synaptogenesis-and-antidepressa-1943v27,Entity;Outcome,Ketamine-induced synaptogenesis and antidepressant-like behaviour,Outcome,,
known-or-proposed-ketamine-target-proteins-1yp2g8c,Entity;GeneProduct,Known or proposed ketamine target proteins,GeneProduct,,
large-diameter-myelinated-dorsal-root-afferents-1ytp9dh,Entity;NeuronPopulation,"Large-diameter myelinated dorsal-root afferents, with motor pools engaged trans-synaptically",NeuronPopulation,recruitment-order,
large-myelinated-dorsal-root-afferents-which-eng-1k7erey,Entity;NeuronPopulation,"Large myelinated dorsal-root afferents, which engage motor pools trans-synaptically",NeuronPopulation,recruitment-order,
lasting-change-in-mood-and-behaviour-0uzciq9,Entity;Outcome,Lasting change in mood and behaviour,Outcome,,
late-i-wave-recruitment-indexed-by-mep-latency-w-14oj19x,Entity;Measurement,"Late I-wave recruitment, indexed by MEP latency with anterior-posterior current",Measurement,i-wave,
late-i-wave-recruitment-indexed-by-the-latency-o-1ql3p3v,Entity;Measurement,"Late I-wave recruitment, indexed by the latency of motor evoked potentials elicited by anterior-posterior current",Measurement,i-wave,
layer-v-pyramidal-cells-the-most-sensitive-class-1mt2zo4,Entity;NeuronPopulation,"Layer V pyramidal cells, the most sensitive class",NeuronPopulation,layer-v-pyramidal-neuron,
left-dorsolateral-prefrontal-rtms-0ubfduu,Entity;ExogenousDrive,Left dorsolateral prefrontal rTMS,ExogenousDrive,dlpfc,
light-intensity-transmitted-transcranially-by-cu-1px3a7i,Entity;StimulationProtocol,Light intensity transmitted transcranially by current devices,StimulationProtocol,irradiance,
likelihood-of-clinical-response-extrapyramidal-s-00o6p2d,Entity;Outcome,"Likelihood of clinical response, extrapyramidal symptoms and hyperprolactinaemia",Outcome,,
limits-on-charge-balance-and-electrode-material-0lzlmxw,Entity;StimulationProtocol,Limits on charge balance and electrode material,StimulationProtocol,faradaic-charge-transfer,
local-modelled-electric-field-1gsof1p,Entity;Measurement,Local modelled electric field,Measurement,e-field,
locus-coeruleus-firing-rate-0stat3z,Entity;NeuronPopulation,Locus coeruleus firing rate,NeuronPopulation,locus-coeruleus,
locus-coeruleus-firing-regime-1gq27pu,Entity;NeuronPopulation,Locus coeruleus firing regime,NeuronPopulation,locus-coeruleus,
locus-coeruleus-spike-count-0sm3d2j,Entity;Measurement,Locus coeruleus spike count,Measurement,locus-coeruleus,
locus-coeruleus-subpopulations-with-target-speci-1yajbw9,Entity;NeuronPopulation,Locus coeruleus subpopulations with target-specific innervation,NeuronPopulation,locus-coeruleus,
long-lasting-potentiation-from-anodal-direct-cur-078cs6k,Entity;Outcome,Long-lasting potentiation from anodal direct current paired with low-frequency synaptic input,Outcome,,
long-lasting-psychedelic-induced-synaptic-streng-0u4i567,Entity;Outcome,Long-lasting psychedelic-induced synaptic strengthening in granular retrosplenial cortex,Outcome,,
looseness-of-controls-and-smallness-of-sample-0kwnzox,Entity;Confound,Looseness of controls and smallness of sample,Confound,statistical-power,
low-intensity-low-frequency-ultrasound-0lk8a9i,Entity;ExogenousDrive,Low-intensity low-frequency ultrasound,ExogenousDrive,tus,
low-intensity-transcranial-electrical-stimulatio-0i6bn8p,Entity;StimulationProtocol,Low-intensity transcranial electrical stimulation up to 4 mA for up to 60 min/day,StimulationProtocol,safety-envelope,
low-intensity-transcranial-ultrasound-at-a-mecha-1y9uvhc,Entity;StimulationProtocol,Low-intensity transcranial ultrasound at a mechanical index (or MItc) of 1.9 or lower,StimulationProtocol,mechanical-index,
low-intensity-ultrasound-0txpkq5,Entity;ExogenousDrive,Low-intensity ultrasound,ExogenousDrive,tus,
low-level-light-fluence-1fhw02h,Entity;StimulationProtocol,Low-level light fluence,StimulationProtocol,fluence,
low-seizure-risk-1cpggyh,Entity;Outcome,Low seizure risk,Outcome,safety-envelope,
low-statistical-power-00m9bxh,Entity;Confound,Low statistical power,Confound,statistical-power,
lsd-and-psilocin-1acm6v4,Entity;Molecule,LSD and psilocin,Molecule,psychedelic,
ltp-like-plasticity-attributed-to-non-invasive-h-0w1d1pf,Entity;CouplingMechanism,LTP-like plasticity attributed to non-invasive human stimulation,CouplingMechanism,ltp-like-plasticity,
lumbosacral-epidural-electrical-stimulation-05urliy,Entity;ExogenousDrive,Lumbosacral epidural electrical stimulation,ExogenousDrive,spinal-cord-stimulation,
madrs-score-in-major-depressive-disorder-10ouicq,Entity;Outcome,MADRS score in major depressive disorder,Outcome,,
madrs-score-in-treatment-resistant-depression-150ghj3,Entity;Outcome,MADRS score in treatment-resistant depression,Outcome,,
magnetic-gating-of-a-fused-ion-channel-which-the-1ix76f1,Entity;CouplingMechanism,"Magnetic gating of a fused ion channel, which the required forces, torques and heating exceed by roughly five to ten orders of magnitude",CouplingMechanism,order-of-magnitude-test,
magnetic-seizure-therapy-0vht4ha,Entity;ExogenousDrive,Magnetic seizure therapy,ExogenousDrive,,
magnetic-seizure-therapy-coils-1ay4536,Entity;StimulationProtocol,Magnetic seizure therapy coils,StimulationProtocol,depth-focality-tradeoff,
magneto-a-fusion-of-the-cation-channel-trpv4-to-17y26s6,Entity;GeneProduct,"Magneto, a fusion of the cation channel TRPV4 to the paramagnetic protein ferritin",GeneProduct,magnetogenetics,
magnitude-of-the-resulting-synaptic-plasticity-1fzc83p,Entity;Outcome,Magnitude of the resulting synaptic plasticity,Outcome,,
maximum-near-infrared-transmittance-measured-thr-1c3k880,Entity;Measurement,Maximum near-infrared transmittance measured through a human skull,Measurement,transmittance,
measuring-only-the-drive-and-the-outcome-leaving-011xzwy,Entity;Confound,"Measuring only the drive and the outcome, leaving coupling and circuit steps inferred",Confound,,
mechanical-effect-risk-classed-as-non-significan-12orvn8,Entity;Outcome,"Mechanical-effect risk, classed as non-significant risk",Outcome,safety-envelope,
microbubble-dose-during-focused-ultrasound-sonic-1edv6to,Entity;StimulationProtocol,Microbubble dose during focused-ultrasound sonication,StimulationProtocol,microbubble,
microbubble-oscillation-17nkkc2,Entity;CouplingMechanism,Microbubble oscillation,CouplingMechanism,microbubble,
microelectrode-geometry-0cso1oj,Entity;StimulationProtocol,Microelectrode geometry,StimulationProtocol,charge-per-phase,
microglial-activation-state-13490h7,Entity;Measurement,Microglial activation state,Measurement,microglia,
millisecond-timescale-spiking-and-excitatory-and-08amblb,Entity;Measurement,Millisecond-timescale spiking and excitatory and inhibitory synaptic transmission under brief light pulses,Measurement,,
misexpressed-mechanotransduction-subunit-trp-4-1xkzyrl,Entity;GeneProduct,Misexpressed mechanotransduction subunit TRP-4,GeneProduct,sonogenetics,
modality-of-the-evoked-percept-cutaneous-or-prop-0yk2trn,Entity;Outcome,Modality of the evoked percept (cutaneous or proprioceptive),Outcome,,
model-accuracy-against-intracranial-measurement-06lhpc9,Entity;Measurement,Model accuracy against intracranial measurement (null result),Measurement,finite-element-head-model,
modelled-cortical-e-field-as-a-proposed-dosing-m-0sbocsy,Entity;Measurement,"Modelled cortical E-field as a proposed dosing metric, against motor threshold as the clinical norm",Measurement,motor-threshold,
modelled-e-field-value-reported-at-a-target-0mk2y7o,Entity;Measurement,Modelled E-field value reported at a target,Measurement,e-field,
modelled-fraction-of-incident-energy-deposited-i-1q1eocx,Entity;Measurement,Modelled fraction of incident energy deposited in cortex,Measurement,monte-carlo-photon-transport,
modulatory-state-of-a-circuit-0in2v6r,Entity;Molecule,Modulatory state of a circuit,Molecule,neuromodulator,
molecular-function-cellular-component-and-biolog-1xeourl,Entity;SubcellularComponent,"Molecular function, cellular component and biological process nodes",SubcellularComponent,,
motor-and-single-neuron-effects-of-tacs-0vuvnjr,Entity;Outcome,Motor and single-neuron effects of tACS,Outcome,,
motor-cortex-basal-ganglia-and-hippocampus-with-1nw5lop,Entity;AnatomicalStructure,"Motor cortex, basal ganglia and hippocampus, with efficacy untested at Phase 1 level evidence",AnatomicalStructure,,
motor-cortical-excitability-after-stimulation-en-1swuk5h,Entity;Measurement,Motor cortical excitability after stimulation ends,Measurement,,
motor-cortical-excitability-polarity-specific-af-067bqbe,Entity;Measurement,Motor cortical excitability (polarity-specific after-effect),Measurement,,
motor-evoked-potential-amplitude-00eayux,Entity;Measurement,Motor evoked potential amplitude,Measurement,motor-evoked-potential,
motor-evoked-potential-amplitude-in-the-target-m-0uwmb8r,Entity;Measurement,Motor evoked potential amplitude in the target muscle,Measurement,motor-evoked-potential,
motor-evoked-potential-as-an-index-of-synaptic-c-1kez5r7,Entity;Measurement,Motor evoked potential as an index of synaptic change,Measurement,motor-evoked-potential,
motor-evoked-potential-with-motor-threshold-inpu-0zlu91n,Entity;Measurement,"Motor evoked potential, with motor threshold, input-output curves and paired-pulse protocols",Measurement,motor-evoked-potential,
motor-improvement-after-subthalamic-dbs-for-park-0wha3wk,Entity;Outcome,Motor improvement after subthalamic DBS for Parkinson's disease,Outcome,clinical-response,
motor-units-non-selectively-spatially-fixed-and-1s2oy28,Entity;NeuronPopulation,"Motor units non-selectively, spatially fixed and temporally synchronous",NeuronPopulation,recruitment-order,
mr-guided-focused-ultrasound-blood-brain-barrier-132xvo4,Entity;ExogenousDrive,MR-guided focused ultrasound blood-brain barrier opening,ExogenousDrive,blood-brain-barrier-opening,
mr-guided-focused-ultrasound-thalamotomy-at-abla-13wpdx0,Entity;ExogenousDrive,MR-guided focused ultrasound thalamotomy at ablative thermal dose,ExogenousDrive,hifu,
mr-guided-focused-ultrasound-with-microbubbles-i-10bxp9g,Entity;ExogenousDrive,MR-guided focused ultrasound with microbubbles in early-to-moderate Alzheimer's disease,ExogenousDrive,blood-brain-barrier-opening,
mri-guided-focused-ultrasound-thalamotomy-14o6ou0,Entity;ExogenousDrive,MRI-guided focused ultrasound thalamotomy,ExogenousDrive,hifu,
mtor-signalling-1bnuk21,Entity;Pathway,mTOR signalling,Pathway,mtor,
mtor-signalling-in-prefrontal-cortex-0ml8kiu,Entity;Pathway,mTOR signalling in prefrontal cortex,Pathway,mtor,
mu-phase-triggered-burst-rtms-1qb5ohy,Entity;StimulationProtocol,Mu-phase-triggered burst rTMS,StimulationProtocol,phase-triggered-stimulation,
muscle-tone-and-spasm-frequency-in-severe-spasti-19n3act,Entity;Outcome,Muscle tone and spasm frequency in severe spasticity,Outcome,baclofen,
muscle-tone-and-spasm-frequency-in-spinal-spasti-00aec2q,Entity;Outcome,Muscle tone and spasm frequency in spinal spasticity,Outcome,,
muscle-tone-in-spinal-spasticity-06nlzp1,Entity;Outcome,Muscle tone in spinal spasticity,Outcome,,
myelinated-axon-terminals-of-pyramidal-cells-and-1w7ppnd,Entity;SubcellularComponent,Myelinated axon terminals of pyramidal cells and interneurons at the gyral crown,SubcellularComponent,gyral-crown,
myelinated-axons-at-lower-current-than-cell-bodi-17n020a,Entity;NeuronPopulation,Myelinated axons at lower current than cell bodies,NeuronPopulation,myelinated-axon,
myelinated-fibres-at-lower-current-than-anodal-s-0nqeody,Entity;NeuronPopulation,"Myelinated fibres, at lower current than anodal stimulation and depending on fibre orientation relative to current flow",NeuronPopulation,myelinated-axon,
named-biomarker-and-named-perturbation-method-on-0qhib57,Entity;Measurement,Named biomarker and named perturbation method on the edge,Measurement,perturbation-method,
native-gamma-oscillations-plaque-load-and-microg-1ea02nk,Entity;Measurement,"Native gamma oscillations, plaque load and microglial state",Measurement,gamma-oscillation,
near-field-acoustic-particle-displacement-at-the-16gtx44,Entity;CouplingMechanism,"Near-field acoustic particle displacement at the scalp, rather than radiation force",CouplingMechanism,sonication,
near-infrared-light-from-commercial-transcranial-1181h7h,Entity;ExogenousDrive,Near-infrared light from commercial transcranial devices,ExogenousDrive,photobiomodulation,
neocortical-single-unit-activity-as-dose-depende-0ll3q86,Entity;Measurement,"Neocortical single-unit activity, as dose-dependent entrainment with increased burst firing and phase locking to the stimulus",Measurement,entrainment,
nerve-activity-as-a-peer-of-device-drives-under-1lu568k,Entity;Measurement,"Nerve activity, as a peer of device drives under this volume's usage",Measurement,,
nerve-activity-at-a-target-area-1aijmqk,Entity;Measurement,Nerve activity at a target area,Measurement,,
neural-gain-and-the-balance-of-task-engagement-a-1h735gm,Entity;Outcome,Neural gain and the balance of task engagement against exploration,Outcome,adaptive-gain,
neural-injury-at-the-electrode-tissue-interface-0kdd2jt,Entity;Outcome,Neural injury at the electrode-tissue interface,Outcome,tissue-damage-threshold,
neurobiological-consequences-of-electroconvulsiv-1uc3uyh,Entity;Outcome,Neurobiological consequences of electroconvulsive therapy,Outcome,electroconvulsive-therapy,
neuroinflammation-convergence-edges-assembled-ac-0ulfgur,Entity;Measurement,Neuroinflammation convergence edges assembled across species,Measurement,,
neuromodulation-as-an-electrical-magnetic-or-che-1ayhbo4,Entity;ExogenousDrive,"Neuromodulation as an electrical, magnetic or chemical stimulus delivered to a specific neurological target",ExogenousDrive,neuromodulation,
neuron-phenotype-ontology-compositional-phenotyp-1hhbw9b,Entity;Measurement,Neuron Phenotype Ontology compositional phenotype decomposition,Measurement,neuron-phenotype-ontology,
neuronal-activity-and-behaviour-under-an-applied-0n5zwna,Entity;NeuronPopulation,Neuronal activity and behaviour under an applied magnetic field,NeuronPopulation,,
neuronal-cell-death-under-potassium-cyanide-14di335,Entity;Outcome,Neuronal cell death under potassium cyanide,Outcome,,
neuronal-entrainment-in-hippocampus-and-visual-c-0e8m0hm,Entity;Measurement,"Neuronal entrainment in hippocampus and visual cortex, which persisted",Measurement,entrainment,
neuronal-firing-by-hyperpolarisation-18t366a,Entity;NeuronPopulation,"Neuronal firing, by hyperpolarisation",NeuronPopulation,,
neurosteroid-1n7b6wm,Entity;Molecule,Neurosteroid,Molecule,neurosteroid,
neurosteroid-gaba-a-positive-allosteric-modulato-0q1h1lw,Entity;ExogenousDrive,Neurosteroid GABA-A positive allosteric modulators for postnatal depression,ExogenousDrive,positive-allosteric-modulator,
nf-kb-pathway-and-inflammatory-tissue-injury-0rlo5hr,Entity;Pathway,NF-kB pathway and inflammatory tissue injury,Pathway,nf-kb,
nf-kb-pathway-gene-expression-null-no-significan-0d79sxp,Entity;Pathway,NF-kB pathway gene expression (null; no significant change),Pathway,nf-kb,
nf-kb-pathway-with-oedema-neuronal-degeneration-1rkgq1y,Entity;Pathway,"NF-kB pathway, with oedema, neuronal degeneration, neutrophil infiltration and microhaemorrhage",Pathway,nf-kb,
nitric-oxide-donors-given-before-irradiation-0fhk78s,Entity;Molecule,Nitric oxide donors given before irradiation,Molecule,nitric-oxide,
nmda-receptor-07wq0nr,Entity;Molecule,NMDA receptor,Molecule,nmda-receptor,
nmda-receptor-blockade-at-rest-11ygnit,Entity;CouplingMechanism,NMDA receptor blockade at rest,CouplingMechanism,nmda-receptor,
nmda-receptors-on-neighbouring-neurons-producing-0ivoemq,Entity;GeneProduct,"NMDA receptors on neighbouring neurons, producing firing",GeneProduct,nmda-receptor,
no-serious-tes-related-adverse-events-0os8hmt,Entity;Outcome,No serious tES-related adverse events,Outcome,,
nominal-and-effective-stimulus-as-separable-node-1ecmjmt,Entity;Measurement,Nominal and effective stimulus as separable nodes,Measurement,nominal-stimulus,
nominal-and-effective-stimulus-stored-as-separat-1qtadz8,Entity;Measurement,Nominal and effective stimulus stored as separate properties rather than one field with a flag,Measurement,effective-stimulus,
nominal-stimulus-device-parameters-or-administer-0tzzmvv,Entity;StimulationProtocol,"Nominal stimulus: device parameters, or administered dose and route",StimulationProtocol,nominal-stimulus,
non-neuronal-cells-as-chain-nodes-1sjh162,Entity;CellType,Non-neuronal cells as chain nodes,CellType,,
noradrenergic-nerve-terminals-in-the-spleen-0ct8hjy,Entity;NeuronPopulation,Noradrenergic nerve terminals in the spleen,NeuronPopulation,splenic-nerve,
number-and-function-of-dendritic-spines-in-prefr-1bav3xi,Entity;SubcellularComponent,Number and function of dendritic spines in prefrontal cortex,SubcellularComponent,dendritic-spine,
occipital-nerve-stimulation-02w6nl5,Entity;ExogenousDrive,Occipital nerve stimulation,ExogenousDrive,,
olfactory-and-trigeminal-pathways-with-perineura-074yepd,Entity;CouplingMechanism,Olfactory and trigeminal pathways with perineural and perivascular bulk flow to CNS tissue,CouplingMechanism,,
one-distributed-network-derived-from-lesions-and-0oz5zft,Entity;Circuit,One distributed network derived from lesions and from therapeutic stimulation,Circuit,connectivity-based-targeting,
ongoing-network-state-at-the-moment-of-stimulati-03dmstz,Entity;Confound,Ongoing network state at the moment of stimulation,Confound,state-dependence,
online-delivery-of-dbs-pulses-1wumgxf,Entity;StimulationProtocol,Online delivery of DBS pulses,StimulationProtocol,adaptive-dbs,
optogenetic-40-hz-driving-of-fast-spiking-intern-0pseh41,Entity;StimulationProtocol,Optogenetic 40 Hz driving of fast-spiking interneurons and non-invasive 40 Hz light flicker,StimulationProtocol,forty-hz-stimulation,
oral-zuranolone-50-mg-once-daily-for-14-days-16q7okx,Entity;ExogenousDrive,Oral zuranolone 50 mg once daily for 14 days,ExogenousDrive,zuranolone,
organ-directed-focused-ultrasound-aimed-at-a-sub-1vamocm,Entity;ExogenousDrive,Organ-directed focused ultrasound aimed at a sub-organ visceral target,ExogenousDrive,,
orientation-neural-element-and-class-field-magni-0yn9h7y,Entity;CouplingMechanism,"Orientation, neural element and class, field magnitude with unit, species and provenance, and initiation versus modulation",CouplingMechanism,coupling,
origins-terminations-and-routing-of-autonomic-pr-0cirtwj,Entity;Pathway,"Origins, terminations and routing of autonomic projections between the central nervous system and end organs",Pathway,,
oscillatory-power-in-default-mode-network-region-080cpi2,Entity;Measurement,Oscillatory power in default-mode network regions,Measurement,,
other-modelling-software-and-human-intracranial-0slwfip,Entity;Measurement,Other modelling software and human intracranial recordings,Measurement,e-field,
oxybutynin-prazosin-or-duloxetine-at-clinically-1tdlczs,Entity;ExogenousDrive,"Oxybutynin, prazosin or duloxetine at clinically relevant daily doses",ExogenousDrive,,
paired-associative-stimulation-anodal-tdcs-and-i-013ev6m,Entity;StimulationProtocol,"Paired associative stimulation, anodal tDCS and intermittent theta-burst stimulation",StimulationProtocol,,
paired-associative-stimulation-median-nerve-stim-1ghiqw9,Entity;StimulationProtocol,Paired associative stimulation (median nerve stimulation paired with motor-cortex TMS),StimulationProtocol,paired-associative-stimulation,
paramagnetic-ferritin-1eaho3w,Entity;GeneProduct,Paramagnetic ferritin,GeneProduct,ferritin,
partial-agonists-such-as-aripiprazole-15t8xq9,Entity;Molecule,Partial agonists such as aripiprazole,Molecule,partial-agonist,
participants-end-of-study-guesses-about-allocati-1lxup2l,Entity;Measurement,Participants' end-of-study guesses about allocation,Measurement,blinding,
patient-reported-maternal-functioning-at-day-45-07ei968,Entity;Outcome,Patient-reported maternal functioning at day 45,Outcome,,
peak-achieved-target-temperature-in-mr-guided-fo-19ru81r,Entity;Measurement,Peak achieved target temperature in MR-guided focused ultrasound,Measurement,thermal-dose,
peak-electric-field-of-about-0-5-mv-mm-in-superf-0ucr6s9,Entity;CouplingMechanism,Peak electric field of about 0.5 mV/mm in superficial cortex,CouplingMechanism,millivolts-per-millimetre,
peripheral-auditory-and-somatosensory-input-duri-0b104mc,Entity;Confound,Peripheral auditory and somatosensory input during TMS,Confound,auditory-confound,
peripheral-auditory-stimulation-by-1000-hz-pulse-15hihex,Entity;Confound,Peripheral auditory stimulation by 1000 Hz pulsed transcranial ultrasound,Confound,auditory-confound,
peripheral-auditory-stimulation-by-transcranial-0d6fpmg,Entity;Confound,Peripheral auditory stimulation by transcranial ultrasound pulsed at 1000 Hz,Confound,auditory-confound,
peripheral-sensory-contamination-of-tms-eeg-reco-1pyu6ap,Entity;Confound,Peripheral sensory contamination of TMS-EEG recordings,Confound,tms-eeg,
pharmaco-tms-emg-drug-challenge-1a6uvko,Entity;Measurement,Pharmaco-TMS-EMG drug challenge,Measurement,electromyography,
pharmacological-challenge-with-a-receptor-select-02eh9qo,Entity;Measurement,Pharmacological challenge with a receptor-selective drug,Measurement,pharmaco-tms,
phase-locking-in-neurons-already-strongly-locked-053idqx,Entity;Measurement,Phase locking in neurons already strongly locked to an endogenous rhythm,Measurement,phase-locking,
phasic-locus-coeruleus-firing-1o4j7on,Entity;Measurement,Phasic locus coeruleus firing,Measurement,locus-coeruleus,
photodissociation-of-nitric-oxide-by-600-860-nm-028ijdc,Entity;CouplingMechanism,Photodissociation of nitric oxide by 600-860 nm light,CouplingMechanism,nitric-oxide,
photon-transport-delivering-up-to-about-15-of-in-0sm40hv,Entity;CouplingMechanism,Photon transport delivering up to about 15% of incident energy to cortex transcranially and about 1% intranasally,CouplingMechanism,monte-carlo-photon-transport,
piezo1-expression-level-0s34iif,Entity;GeneProduct,Piezo1 expression level,GeneProduct,piezo1,
piezo1-in-motor-cortex-1hwlol2,Entity;GeneProduct,Piezo1 in motor cortex,GeneProduct,piezo1,
plasma-drug-concentration-0p2msam,Entity;Measurement,Plasma drug concentration,Measurement,cmax,
plasma-exposure-summarised-as-auc-and-cmax-0lvo5zz,Entity;Measurement,Plasma exposure summarised as AUC and Cmax,Measurement,auc,
plasticity-after-effect-of-mu-phase-triggered-bu-0cuxjeo,Entity;Outcome,Plasticity after-effect of mu-phase-triggered burst rTMS,Outcome,phase-triggered-stimulation,
plasticity-related-and-cellular-process-gene-exp-0nscj88,Entity;Measurement,Plasticity-related and cellular-process gene expression across many regions,Measurement,spatial-transcriptomics,
pooled-estimate-of-human-transcranial-ultrasound-1exo91l,Entity;Outcome,Pooled estimate of human transcranial ultrasound effects,Outcome,,
pooled-human-transcranial-ultrasound-meta-analyt-1x43hdv,Entity;Outcome,Pooled human transcranial ultrasound meta-analytic estimate,Outcome,,
postsynaptic-5-ht2a-receptor-signalling-0ahp9vf,Entity;Molecule,Postsynaptic 5-HT2A receptor signalling,Molecule,five-ht2a-receptor,
preconditioning-tdcs-delivered-before-1-hz-repet-14ndm47,Entity;StimulationProtocol,Preconditioning tDCS delivered before 1 Hz repetitive TMS,StimulationProtocol,preconditioning,
predicting-a-functional-response-from-receptor-o-18ym4bw,Entity;Outcome,Predicting a functional response from receptor occupancy,Outcome,receptor-occupancy,
prefrontal-tms-or-tdcs-10ijdge,Entity;ExogenousDrive,Prefrontal TMS or tDCS,ExogenousDrive,dlpfc,
prefrontal-tms-or-tdcs-timed-relative-to-a-labor-0szb8o1,Entity;ExogenousDrive,Prefrontal TMS or tDCS timed relative to a laboratory stressor,ExogenousDrive,,
prefrontal-tms-or-transcranial-direct-current-st-1yh07qr,Entity;StimulationProtocol,Prefrontal TMS or transcranial direct current stimulation delivered before or after a laboratory stressor rather than during it,StimulationProtocol,tdcs,
pregnane-neurosteroids-0e0lcbj,Entity;Molecule,Pregnane neurosteroids,Molecule,neurosteroid,
pregnane-steroids-1latc3y,Entity;Molecule,Pregnane steroids,Molecule,neurosteroid,
pregnane-steroids-acting-as-circulating-endocrin-1xxkklq,Entity;Molecule,Pregnane steroids acting as circulating endocrine messengers or as locally synthesised neurosteroids,Molecule,neurosteroid,
presynaptic-5-ht2a-receptors-on-anterior-thalami-0wc6nz4,Entity;Molecule,Presynaptic 5-HT2A receptors on anterior thalamic axons,Molecule,five-ht2a-receptor,
presynaptic-5-ht2a-receptors-on-anterior-thalami-10hbr1v,Entity;SubcellularComponent,Presynaptic 5-HT2A receptors on anterior thalamic axons,SubcellularComponent,five-ht2a-receptor,
primary-cognitive-composite-in-mild-to-moderate-0zw80qu,Entity;Outcome,Primary cognitive composite in mild-to-moderate Alzheimer's disease,Outcome,clinical-response,
psilocybin-or-lsd-1rig262,Entity;ExogenousDrive,Psilocybin or LSD,ExogenousDrive,psychedelic,
psychedelic-induced-cortical-plasticity-1wk671u,Entity;Outcome,Psychedelic-induced cortical plasticity,Outcome,ltp-like-plasticity,
psychedelic-induced-plasticity-and-antidepressan-0txb8xv,Entity;Outcome,Psychedelic-induced plasticity and antidepressant effects,Outcome,,
psychedelic-induced-plasticity-and-antidepressan-11zr4g0,Entity;Outcome,Psychedelic-induced plasticity and antidepressant-like effect,Outcome,,
psychedelic-induced-plasticity-as-distinct-from-1evjcha,Entity;Outcome,"Psychedelic-induced plasticity, as distinct from the hallucinogenic effect",Outcome,,
psychedelic-induced-synaptic-strengthening-in-gr-041f4om,Entity;Outcome,Psychedelic-induced synaptic strengthening in granular retrosplenial cortex,Outcome,,
psychedelic-type-cortical-plasticity-null-despit-190tquh,Entity;Outcome,"Psychedelic-type cortical plasticity (null, despite 5-HT2A agonism)",Outcome,ltp-like-plasticity,
published-effect-size-estimates-and-the-truth-of-1fisejc,Entity;Outcome,Published effect-size estimates and the truth of significant results,Outcome,,
published-effect-size-in-neuromodulation-0fdullr,Entity;Outcome,Published effect size in neuromodulation,Outcome,,
pulsatile-plasma-levodopa-exposure-1r36smg,Entity;ExogenousDrive,Pulsatile plasma levodopa exposure,ExogenousDrive,pulsatile-exposure,
pulse-duration-indexed-by-chronaxie-02ne0l6,Entity;StimulationProtocol,"Pulse duration, indexed by chronaxie",StimulationProtocol,chronaxie,
pulse-locked-activity-in-the-trigeminal-control-1uxb16s,Entity;Confound,Pulse-locked activity in the trigeminal control nucleus above 1.2 mA,Confound,co-stimulation,
pulse-locked-mesencephalic-trigeminal-nucleus-co-0ogrpto,Entity;Confound,Pulse-locked mesencephalic trigeminal nucleus co-recruitment above 1.2 mA,Confound,co-stimulation,
pulsed-focused-ultrasound-with-systemic-microbub-0m0zk9f,Entity;ExogenousDrive,Pulsed focused ultrasound with systemic microbubbles,ExogenousDrive,blood-brain-barrier-opening,
pulsed-tavns-1q0d891,Entity;ExogenousDrive,Pulsed taVNS,ExogenousDrive,tavns,
pulsed-transcutaneous-auricular-vagus-nerve-stim-03dvj0n,Entity;ExogenousDrive,Pulsed transcutaneous auricular vagus nerve stimulation,ExogenousDrive,tavns,
pulsed-versus-continuous-tavns-waveform-0xg4f6v,Entity;StimulationProtocol,Pulsed versus continuous taVNS waveform,StimulationProtocol,tavns,
pupil-diameter-01l3jgq,Entity;Measurement,Pupil diameter,Measurement,pupillometry,
pupil-diameter-as-a-proxy-for-noradrenergic-enga-11yajzm,Entity;Measurement,Pupil diameter as a proxy for noradrenergic engagement,Measurement,pupillometry,
pupil-diameter-null-result-0mr8fsz,Entity;Measurement,Pupil diameter (null result),Measurement,pupillometry,
pupil-dilation-as-a-noradrenergic-engagement-pro-11hlq7i,Entity;Measurement,Pupil dilation as a noradrenergic engagement proxy,Measurement,pupillometry,
pupil-dilation-as-an-index-of-target-engagement-143gxm5,Entity;Measurement,Pupil dilation as an index of target engagement,Measurement,pupillometry,
pupil-dilation-cortisol-and-salivary-alpha-amyla-0oq57jn,Entity;Measurement,"Pupil dilation, cortisol and salivary alpha-amylase",Measurement,,
qids-sr-16-self-reported-depression-score-versus-0yxg2v1,Entity;Outcome,QIDS-SR-16 self-reported depression score versus electroconvulsive therapy,Outcome,electroconvulsive-therapy,
quantal-mepsc-amplitude-across-all-synapses-1jo0bk1,Entity;Measurement,Quantal (mEPSC) amplitude across all synapses,Measurement,,
ramp-only-sham-tdcs-ramping-current-up-and-down-0tvyd59,Entity;Confound,"Ramp-only sham tDCS, ramping current up and down briefly",Confound,sham,
ramped-longer-lower-intensity-ultrasound-pulses-0fix85k,Entity;StimulationProtocol,"Ramped, longer, lower-intensity ultrasound pulses at matched dose",StimulationProtocol,amplitude-envelope,
rapid-global-homeostatic-synaptic-plasticity-1yo41i9,Entity;CouplingMechanism,Rapid global homeostatic synaptic plasticity,CouplingMechanism,homeostatic-synaptic-scaling,
rates-reporting-checklist-for-transcranial-elect-1bhce4c,Entity;Measurement,RATES reporting checklist for transcranial electrical stimulation,Measurement,reporting-checklist,
readout-dependence-of-phase-triggered-stimulatio-0t7xi5i,Entity;Confound,Readout dependence of phase-triggered stimulation (EEG versus corticospinal measures),Confound,readout,
real-transcranial-magnetic-stimulation-0w4kthr,Entity;ExogenousDrive,Real transcranial magnetic stimulation,ExogenousDrive,tms,
receptor-compartment-as-an-attribute-of-the-coup-1e1g46t,Entity;SubcellularComponent,Receptor compartment as an attribute of the coupling edge,SubcellularComponent,receptor-compartment,
receptor-identity-of-a-stimulation-induced-plast-19s2daw,Entity;CouplingMechanism,Receptor identity of a stimulation-induced plasticity effect,CouplingMechanism,,
receptor-site-concentration-in-brain-extracellul-015bivt,Entity;Measurement,Receptor-site concentration in brain extracellular fluid,Measurement,brain-extracellular-fluid,
receptor-subunit-or-channel-isoform-as-an-entity-11sv4lz,Entity;GeneProduct,Receptor subunit or channel isoform as an entity distinct from its gene,GeneProduct,,
reconciliation-of-the-postsynaptic-presynaptic-a-0asjfjv,Entity;Outcome,"Reconciliation of the postsynaptic, presynaptic and TrkB positions on psychedelic plasticity",Outcome,,
regional-and-compartmental-specificity-of-5-ht2a-14bz895,Entity;CouplingMechanism,Regional and compartmental specificity of 5-HT2A necessity,CouplingMechanism,receptor-compartment,
regional-ultrasound-sensitivity-central-amygdala-1v0yigq,Entity;Measurement,"Regional ultrasound sensitivity, central amygdala being more sensitive than motor cortex",Measurement,,
regulatory-approval-of-a-drug-1jh866a,Entity;Outcome,Regulatory approval of a drug,Outcome,,
release-of-tnf-il-1beta-il-6-and-il-18-from-lps-0vwcjma,Entity;Molecule,"Release of TNF, IL-1beta, IL-6 and IL-18 from LPS-stimulated macrophages",Molecule,tnf,
reliable-calculated-electric-field-15nyicw,Entity;Measurement,Reliable calculated electric field,Measurement,e-field,
remission-in-depression-0k5wltb,Entity;Outcome,Remission in depression,Outcome,clinical-response,
remission-rate-in-depression-1667rc9,Entity;Outcome,Remission rate in depression,Outcome,clinical-response,
repeated-ctbs-or-itbs-over-motor-cortex-0e1ja45,Entity;StimulationProtocol,Repeated cTBS or iTBS over motor cortex,StimulationProtocol,theta-burst-stimulation,
repetitive-tms-against-sham-in-graded-indication-0yihij0,Entity;StimulationProtocol,Repetitive TMS against sham in graded indications,StimulationProtocol,rtms,
repetitive-tms-pattern-1-hz-10-hz-or-intermitten-1cp1apc,Entity;StimulationProtocol,"Repetitive TMS pattern (1 Hz, 10 Hz or intermittent theta burst)",StimulationProtocol,rtms,
reported-antidepressant-efficacy-of-left-dorsola-0ecjw7i,Entity;Outcome,Reported antidepressant efficacy of left dorsolateral prefrontal rTMS sites,Outcome,subgenual-cingulate,
reporting-standards-and-repositories-that-supply-1en7ws5,Entity;Measurement,Reporting standards and repositories that supply no identifiers or class hierarchy,Measurement,reporting-checklist,
representing-the-auditory-transient-beside-the-w-17ih59e,Entity;Outcome,"Representing the auditory transient beside the wave aimed at cortex, the two-orders-of-magnitude difference between incident and cortical light, and the metabolite that actually binds",Outcome,effective-stimulus,
representing-the-cortical-versus-peripheral-rout-1ajl3xl,Entity;Outcome,Representing the cortical-versus-peripheral route of low-intensity tES and the mechanism and feasibility of temporal interference,Outcome,hypothesis-group,
reproducibility-of-published-stimulation-results-0f3guen,Entity;Outcome,Reproducibility of published stimulation results,Outcome,,
reproducible-reporting-of-tes-protocols-0nvgyo1,Entity;Outcome,Reproducible reporting of tES protocols,Outcome,reproducibility,
reproducing-protocols-and-comparing-safety-and-e-11lbup5,Entity;Outcome,Reproducing protocols and comparing safety and efficacy across tES variants,Outcome,reproducibility,
resolution-of-an-apparent-mechanism-dispute-into-10twyjt,Entity;Outcome,Resolution of an apparent mechanism dispute into a dose question,Outcome,,
respiration-gated-hypoglossal-nerve-stimulation-0wbd9yw,Entity;ExogenousDrive,Respiration-gated hypoglossal nerve stimulation,ExogenousDrive,,
response-to-tms-and-tdcs-based-plasticity-protoc-14dzb12,Entity;Outcome,Response to TMS- and tDCS-based plasticity protocols,Outcome,,
resting-eeg-and-tms-eeg-excitability-measures-19ksg8h,Entity;Measurement,Resting EEG and TMS-EEG excitability measures,Measurement,tms-eeg,
retinal-ganglion-cells-with-responses-stronger-a-0up94oi,Entity;NeuronPopulation,"Retinal ganglion cells, with responses stronger at higher carrier frequencies",NeuronPopulation,,
roast-open-source-tes-modelling-pipeline-1h6mp45,Entity;Measurement,ROAST open-source tES modelling pipeline,Measurement,finite-element-head-model,
rodent-coupling-mechanism-demonstration-at-field-1f98sbj,Entity;CouplingMechanism,Rodent coupling-mechanism demonstration at fields a human montage cannot produce,CouplingMechanism,,
route-direction-afferent-versus-efferent-carried-0akblvt,Entity;Measurement,Route direction (afferent versus efferent) carried on the edge,Measurement,,
routine-tms-field-dosimetry-02d9d97,Entity;Outcome,Routine TMS field dosimetry,Outcome,dosimetry,
safe-macroelectrode-stimulation-design-1gw6rzk,Entity;Outcome,Safe macroelectrode stimulation design,Outcome,tissue-damage-threshold,
safe-reversible-and-repeatable-blood-brain-barri-06kkjaz,Entity;Outcome,"Safe, reversible and repeatable blood-brain barrier opening",Outcome,,
scalp-sensations-during-transcranial-ultrasound-1yzeb5r,Entity;Outcome,Scalp sensations during transcranial ultrasound,Outcome,,
scalp-soft-tissue-and-skull-1ai6b0h,Entity;AnatomicalStructure,Scalp soft tissue and skull,AnatomicalStructure,current-shunting,
scalp-transcranial-alternating-current-stimulati-1oc1zsu,Entity;ExogenousDrive,Scalp transcranial alternating current stimulation,ExogenousDrive,tacs,
sckan-curated-ontology-backed-structural-connect-1piqs1c,Entity;Measurement,"SCKAN curated, ontology-backed structural connectivity record",Measurement,sckan,
sckan-the-sparc-connectivity-knowledge-base-of-t-0412tr3,Entity;AnatomicalStructure,"SCKAN, the SPARC Connectivity Knowledge Base of the Autonomic Nervous System",AnatomicalStructure,sckan,
seizure-threshold-expressed-in-pulses-charge-and-0agtil8,Entity;Measurement,"Seizure threshold expressed in pulses, charge and energy",Measurement,,
sensorimotor-mu-rhythm-phase-at-the-moment-of-de-175kvv4,Entity;Measurement,Sensorimotor mu-rhythm phase at the moment of delivery,Measurement,mu-rhythm,
serotonin-metabolite-concentration-and-transport-138dp9t,Entity;Molecule,Serotonin metabolite concentration and transporter genotype,Molecule,serotonin,
serotonin-which-is-membrane-impermeant-0bac3gd,Entity;Molecule,"Serotonin, which is membrane-impermeant",Molecule,serotonin,
sham-tdcs-protocol-that-is-not-physiologically-i-14ueoye,Entity;Confound,Sham tDCS protocol that is not physiologically inert,Confound,sham,
sham-tms-treated-as-an-inert-control-0eavqyt,Entity;Confound,Sham TMS treated as an inert control,Confound,sham,
shared-subcellular-and-molecular-endpoints-acros-0dzg5ri,Entity;SubcellularComponent,Shared subcellular and molecular endpoints across modality families,SubcellularComponent,convergence,
sharp-edged-rectangular-ultrasound-pulse-envelop-1dv8ehc,Entity;StimulationProtocol,Sharp-edged rectangular ultrasound pulse envelope,StimulationProtocol,amplitude-envelope,
shifted-and-summed-rate-matched-transient-evoked-0yqdwfl,Entity;CouplingMechanism,Shifted and summed rate-matched transient evoked responses,CouplingMechanism,,
shorter-pulse-width-with-a-raised-pulse-count-0ob8zu5,Entity;StimulationProtocol,Shorter pulse width with a raised pulse count,StimulationProtocol,pulse-width,
side-by-side-comparison-of-human-applicable-neur-003u2oe,Entity;Measurement,Side-by-side comparison of human-applicable neuromodulation families,Measurement,,
simultaneous-human-intracranial-recording-and-fi-1at5yu7,Entity;Measurement,Simultaneous human intracranial recording and field measurement at 1-2 mA with peripheral block in the same session,Measurement,hypothesis-group,
single-25-mg-dose-of-psilocybin-with-psychologic-09gw4zx,Entity;ExogenousDrive,Single 25 mg dose of psilocybin with psychological support,ExogenousDrive,psilocybin,
single-intravenous-ketamine-dose-1j5laod,Entity;ExogenousDrive,Single intravenous ketamine dose,ExogenousDrive,ketamine,
single-ketamine-dose-1xvsoo3,Entity;ExogenousDrive,Single ketamine dose,ExogenousDrive,ketamine,
single-laboratory-provenance-of-the-trkb-transme-1jbe0k0,Entity;Confound,Single-laboratory provenance of the TRKB transmembrane binding-site account,Confound,single-laboratory-claim,
single-neuron-spike-timing-but-not-firing-rate-a-0a2v56i,Entity;Measurement,"Single-neuron spike timing but not firing rate, at about 80% lower potency than conventional tACS",Measurement,phase-locking,
single-neuron-spike-timing-but-not-firing-rate-i-1mvqouo,Entity;Measurement,"Single-neuron spike timing, but not firing rate, including in hippocampus and basal ganglia",Measurement,phase-locking,
single-one-hour-inhaled-nitrous-oxide-1a8s593,Entity;ExogenousDrive,Single one-hour inhaled nitrous oxide,ExogenousDrive,nitrous-oxide,
single-session-transcranial-direct-current-stimu-0bc2l4w,Entity;ExogenousDrive,Single-session transcranial direct current stimulation,ExogenousDrive,tdcs,
sites-inside-ion-channels-and-within-the-plasma-0jbqm5f,Entity;SubcellularComponent,"Sites inside ion channels and within the plasma membrane, where ordered lipid domains create anaesthetic-sensitive sites",SubcellularComponent,lipid-domain,
size-and-direction-of-a-synaptic-modification-1vya80x,Entity;Outcome,Size and direction of a synaptic modification,Outcome,,
skin-pigmentation-as-a-dose-covariate-1bqcq29,Entity;Confound,Skin pigmentation as a dose covariate,Confound,melanin,
skull-density-ratio-1h1wsjx,Entity;Measurement,Skull density ratio,Measurement,skull-density-ratio,
smoothed-ultrasound-pulse-envelope-1g6k2od,Entity;StimulationProtocol,Smoothed ultrasound pulse envelope,StimulationProtocol,amplitude-envelope,
somatic-polarisation-and-terminal-or-bend-polari-0tvltni,Entity;CouplingMechanism,"Somatic polarisation and terminal or bend polarisation, two mechanisms under one word",CouplingMechanism,terminal-polarisation,
somatosensory-and-auditory-co-stimulation-by-tms-01q27ww,Entity;Confound,Somatosensory and auditory co-stimulation by TMS,Confound,co-stimulation,
sonication-duration-of-low-intensity-transcrania-0h6rmjv,Entity;StimulationProtocol,Sonication duration of low-intensity transcranial ultrasound,StimulationProtocol,sonication,
spatial-peak-pulse-average-intensity-isppa-alone-1qe5wtp,Entity;StimulationProtocol,Spatial-peak pulse-average intensity (ISPPA) alone,StimulationProtocol,isppa,
species-and-delivery-gap-in-the-imported-plastic-158cl0g,Entity;Confound,Species and delivery gap in the imported plasticity constructs,Confound,preparation,
species-dependence-of-tspo-as-an-index-of-microg-1imibd4,Entity;Confound,Species dependence of TSPO as an index of microglial activation,Confound,tspo,
species-difference-in-modelled-tes-field-across-0xcnk2r,Entity;Confound,"Species difference in modelled tES field across mouse, monkey and human heads",Confound,species-translation,
species-gap-in-deliverable-cortical-cooling-1kp880n,Entity;Confound,Species gap in deliverable cortical cooling,Confound,species-translation,
species-neutral-anatomy-ontology-linking-species-0t05v8o,Entity;Measurement,Species-neutral anatomy ontology linking species-specific identifiers,Measurement,uberon,
specific-rather-than-broad-definitions-of-transc-1j1mpoy,Entity;StimulationProtocol,Specific rather than broad definitions of transcranial electrical stimulation techniques,StimulationProtocol,tes,
specific-subjective-features-of-the-psychedelic-1sl8y4b,Entity;Measurement,Specific subjective features of the psychedelic experience,Measurement,subjective-effects,
spike-entrainment-in-macaque-hippocampus-and-vis-08s42az,Entity;Measurement,Spike entrainment in macaque hippocampus and visual cortex,Measurement,entrainment,
spike-initiation-zone-of-vestibular-primary-affe-0rp0fo6,Entity;NeuronPopulation,Spike-initiation zone of vestibular primary afferents,NeuronPopulation,,
spike-timing-dependent-plasticity-0xsy3j0,Entity;CouplingMechanism,Spike-timing-dependent plasticity,CouplingMechanism,spike-timing-dependent-plasticity,
spike-timing-without-a-change-in-firing-rate-0lrvx5e,Entity;Measurement,Spike timing without a change in firing rate,Measurement,,
spiking-and-subthreshold-membrane-activity-0qui5tu,Entity;Measurement,Spiking and subthreshold membrane activity,Measurement,,
splenic-memory-phenotype-choline-acetyltransfera-0i1jgun,Entity;CellType,Splenic memory-phenotype choline acetyltransferase-expressing T cells,CellType,,
spontaneous-firing-and-epileptiform-activity-wit-0xo8f8i,Entity;Measurement,"Spontaneous firing and epileptiform activity, with excitability changes outlasting the field by more than a second",Measurement,,
standing-waves-set-by-transducer-to-array-distan-0a75dn6,Entity;Confound,Standing waves set by transducer-to-array distance,Confound,sonication,
steady-state-response-to-rhythmic-sensory-stimul-082cpz1,Entity;Measurement,Steady-state response to rhythmic sensory stimulation,Measurement,entrainment,
stimulation-entrained-gamma-oscillations-in-stn-0z1p5cx,Entity;Measurement,Stimulation-entrained gamma oscillations in STN or motor cortex,Measurement,biomarker,
stimulation-entrained-gamma-oscillations-in-subt-11bv7q2,Entity;Measurement,Stimulation-entrained gamma oscillations in subthalamic nucleus or motor cortex,Measurement,closed-loop-stimulation,
stimulation-induced-ltp-like-and-ltd-like-plasti-19gqrlv,Entity;CouplingMechanism,Stimulation-induced LTP-like and LTD-like plasticity in humans,CouplingMechanism,ltp-like-plasticity,
stimulation-of-scalp-cranial-and-cervical-nerves-1agzltj,Entity;Confound,Stimulation of scalp cranial and cervical nerves,Confound,peripheral-route,
stimulation-protocol-and-device-parameter-layer-1me49oc,Entity;StimulationProtocol,Stimulation protocol and device parameter layer,StimulationProtocol,protocol-module,
strength-of-a-clinical-recommendation-1tja1k6,Entity;Outcome,Strength of a clinical recommendation,Outcome,,
striatal-d2-receptor-occupancy-measured-with-11c-006xo4d,Entity;Measurement,Striatal D2 receptor occupancy measured with [11C]raclopride PET,Measurement,receptor-occupancy,
strong-cathodal-current-1xewzos,Entity;StimulationProtocol,Strong cathodal current,StimulationProtocol,cathodal-stimulation,
structural-and-functional-connectivity-of-the-st-190n5wc,Entity;Measurement,Structural and functional connectivity of the stimulation volume,Measurement,normative-connectome,
subthalamic-beta-band-local-field-potential-1qys23x,Entity;Measurement,Subthalamic beta-band local field potential,Measurement,beta-burst,
subthalamic-beta-band-local-field-potential-burs-0ov5e1i,Entity;Measurement,Subthalamic beta-band local field potential burst crossing threshold,Measurement,beta-burst,
subthreshold-temporal-interference-steered-to-th-1ozpqsc,Entity;ExogenousDrive,Subthreshold temporal interference steered to the hippocampus,ExogenousDrive,temporal-interference,
subthreshold-temporal-interference-targeted-at-t-117utiy,Entity;ExogenousDrive,Subthreshold temporal interference targeted at the hippocampus,ExogenousDrive,temporal-interference,
superficial-gyral-cortex-because-the-field-penet-1irp0jw,Entity;AnatomicalStructure,"Superficial gyral cortex, because the field penetrates poorly with depth",AnatomicalStructure,gyral-crown,
superficial-tissue-through-predicted-tonic-firin-0titc4o,Entity;NeuronPopulation,"Superficial tissue, through predicted tonic firing or conduction block, a sandwich problem for the focality claim",NeuronPopulation,conduction-block,
support-for-a-claim-edge-0povl5x,Entity;Measurement,Support for a claim edge,Measurement,evidence-level,
suppression-of-systemic-tnf-by-vagal-stimulation-19no7xh,Entity;Outcome,Suppression of systemic TNF by vagal stimulation,Outcome,tnf,
suprathreshold-temporal-interference-in-morpholo-0wymjt2,Entity;StimulationProtocol,Suprathreshold temporal interference in morphologically realistic layer-5 pyramidal cell models,StimulationProtocol,temporal-interference,
surface-or-implanted-peripheral-motor-nerve-stim-0ot5og0,Entity;ExogenousDrive,Surface or implanted peripheral motor nerve stimulation,ExogenousDrive,,
systematic-target-deconvolution-across-thousands-1x7du5p,Entity;Measurement,Systematic target deconvolution across thousands of human proteins,Measurement,target-deconvolution,
systemic-cytokine-production-during-endotoxaemia-0tqxfiw,Entity;Outcome,Systemic cytokine production during endotoxaemia,Outcome,tnf,
systemically-injected-clozapine-n-oxide-1tl90mo,Entity;Molecule,Systemically injected clozapine-N-oxide,Molecule,clozapine-n-oxide,
tacs-entrainment-of-motor-output-measured-as-tre-0e1on38,Entity;Outcome,"tACS entrainment of motor output, measured as tremor entrainment",Outcome,,
tactile-thermal-and-painful-scalp-sensation-from-0g6czwy,Entity;Confound,"Tactile, thermal and painful scalp sensation from transcranial ultrasound",Confound,co-stimulation,
tactile-thermal-and-painful-sensations-produced-0zfpcrx,Entity;Outcome,"Tactile, thermal and painful sensations produced by ultrasound",Outcome,,
target-defined-by-nominal-coil-position-rather-t-1a4w1op,Entity;Confound,Target defined by nominal coil position rather than by modelled electric field,Confound,target-definition,
tdcs-after-effect-attributed-to-active-stimulati-07n869v,Entity;Outcome,tDCS after-effect attributed to active stimulation,Outcome,,
temperature-measurement-in-human-ultrasound-prot-0kr5mc4,Entity;Measurement,"Temperature measurement in human ultrasound protocols, and the human protocols run in the rat preparation",Measurement,thermal-account,
temporal-interference-at-intensities-that-activa-1wakqvu,Entity;StimulationProtocol,Temporal interference at intensities that activate deep targets,StimulationProtocol,temporal-interference,
temporal-interference-stimulation-0cpdw75,Entity;ExogenousDrive,Temporal interference stimulation,ExogenousDrive,temporal-interference,
temporal-interference-stimulation-at-tolerated-s-1h4yuf7,Entity;ExogenousDrive,Temporal interference stimulation at tolerated scalp currents,ExogenousDrive,temporal-interference,
temporal-interference-stimulation-in-humans-1km915m,Entity;StimulationProtocol,Temporal interference stimulation in humans,StimulationProtocol,temporal-interference,
temporal-interference-stimulation-two-kilohertz-1nx66go,Entity;ExogenousDrive,"Temporal interference stimulation, two kilohertz-range fields at slightly different frequencies",ExogenousDrive,temporal-interference,
temporal-interference-tacs-04iluk4,Entity;ExogenousDrive,Temporal-interference tACS,ExogenousDrive,temporal-interference,
the-40-hz-drive-to-amyloid-convergence-claim-18n60p9,Entity;CouplingMechanism,The 40 Hz drive-to-amyloid convergence claim,CouplingMechanism,forty-hz-stimulation,
the-action-spectrum-for-light-induced-cell-attac-00jltyj,Entity;Measurement,The action spectrum for light-induced cell attachment at 600-860 nm,Measurement,action-spectrum,
the-administered-compound-0j0ldue,Entity;Molecule,The administered compound,Molecule,active-species,
the-chain-drive-coupling-cellular-subcellular-mo-083s2rv,Entity;Pathway,The chain drive - coupling - cellular - subcellular/molecular - circuit - system - outcome,Pathway,drive-to-outcome-chain,
the-circulation-as-a-systemic-messenger-or-local-0q3up8x,Entity;StimulationProtocol,"The circulation as a systemic messenger, or local synthesis as a neurosteroid",StimulationProtocol,route-of-administration,
the-cortical-activation-pattern-attributed-to-th-17z69is,Entity;Measurement,The cortical activation pattern attributed to the ultrasound focus,Measurement,,
the-cytochrome-c-oxidase-photoacceptor-mechanism-13b0v94,Entity;Molecule,The cytochrome c oxidase photoacceptor mechanism established in cell culture,Molecule,cytochrome-c-oxidase,
the-deliverable-acoustic-dose-in-mr-guided-focus-01kr2f9,Entity;StimulationProtocol,The deliverable acoustic dose in MR-guided focused ultrasound,StimulationProtocol,in-situ-exposure,
the-effective-acoustic-stimulus-at-the-preparati-1hfqta3,Entity;Measurement,The effective acoustic stimulus at the preparation,Measurement,effective-stimulus,
the-electric-field-injected-into-the-body-tes-or-143e4cl,Entity;CouplingMechanism,The electric field injected into the body (tES) or induced in it (TMS),CouplingMechanism,e-field,
the-electric-field-produced-in-tissue-0wnalwr,Entity;Measurement,The electric field produced in tissue,Measurement,e-field,
the-fraction-of-scalp-applied-current-that-reach-19zs2v8,Entity;Measurement,"The fraction of scalp-applied current that reaches the brain, about 75% being shunted",Measurement,current-shunting,
the-full-ect-stimulus-parameter-set-pulse-amplit-0sdb47r,Entity;StimulationProtocol,"The full ECT stimulus parameter set: pulse amplitude, shape and width, and train frequency, directionality, polarity and duration",StimulationProtocol,dose-parameter-set,
the-inflammatory-reflex-selectively-and-reversib-1rv3agp,Entity;Circuit,"The inflammatory reflex, selectively and reversibly",Circuit,inflammatory-reflex,
the-ligand-that-acts-at-the-target-receptor-14sd0oq,Entity;Molecule,The ligand that acts at the target receptor,Molecule,,
the-mtor-and-rapid-synaptogenesis-convergence-br-1qg4quf,Entity;Pathway,The mTOR and rapid-synaptogenesis convergence branch,Pathway,mtor,
the-n-terminal-tip-region-cholesterol-interactio-017h5iq,Entity;SubcellularComponent,"The N-terminal tip region, cholesterol interactions and an intact actin cytoskeleton",SubcellularComponent,lipid-domain,
the-reflex-framing-of-vagal-control-of-splenic-t-0i2tqx6,Entity;CouplingMechanism,The reflex framing of vagal control of splenic TNF,CouplingMechanism,inflammatory-reflex,
the-second-spatial-difference-of-the-extracellul-1n1dp2v,Entity;CouplingMechanism,The second spatial difference of the extracellular potential along a fibre,CouplingMechanism,activating-function,
the-shannon-log-linear-boundary-between-charge-p-1qgfk5w,Entity;Measurement,"The Shannon log-linear boundary between charge per phase and charge density, with parameter k",Measurement,shannon-equation,
the-slow-cortical-oscillation-which-sped-up-regu-1k63bhi,Entity;Circuit,"The slow cortical oscillation, which sped up, regularised and entrained",Circuit,entrainment,
the-subjective-psychedelic-experience-01k62an,Entity;Measurement,The subjective psychedelic experience,Measurement,subjective-effects,
the-therapeutic-claim-that-vagal-stimulation-sup-0y5an2x,Entity;Outcome,The therapeutic claim that vagal stimulation suppresses inflammation,Outcome,,
the-three-pillars-exposure-at-the-target-site-ta-0vnxts1,Entity;Measurement,"The three pillars: exposure at the target site, target binding and expression of pharmacological activity",Measurement,three-pillars,
the-tms-induced-time-varying-electric-field-14roos2,Entity;CouplingMechanism,The TMS-induced time-varying electric field,CouplingMechanism,e-field,
the-transducer-as-a-node-carrying-a-cell-type-a-06aq2tj,Entity;CouplingMechanism,"The transducer as a node carrying a cell type, a subcellular compartment and a species of evidence",CouplingMechanism,transducer,
the-vascular-endothelium-rather-than-the-neuron-0xv8zxg,Entity;CellType,The vascular endothelium rather than the neuron,CellType,,
therapeutic-effect-65-80-d2-occupancy-for-antips-0p4t1oh,Entity;Outcome,Therapeutic effect: 65-80% D2 occupancy for antipsychotics and 70-80% serotonin transporter occupancy for antidepressants,Outcome,,
therapeutic-outcome-1ovs5vf,Entity;Outcome,Therapeutic outcome,Outcome,,
thermal-risk-assessment-of-transcranial-ultrasou-08eruv2,Entity;Outcome,Thermal risk assessment of transcranial ultrasound stimulation,Outcome,safety-envelope,
thermal-safety-criteria-for-transcranial-ultraso-1tlsmqh,Entity;Measurement,"Thermal safety criteria for transcranial ultrasound: temperature rise, absolute temperature, and thermal-dose limits by tissue type",Measurement,thermal-dose,
theta-burst-stimulation-after-effect-on-mep-ampl-00ejymn,Entity;Outcome,Theta-burst stimulation after-effect on MEP amplitude,Outcome,,
theta-burst-stimulation-after-effect-that-is-res-0170o6e,Entity;Outcome,"Theta-burst stimulation after-effect, that is responder status",Outcome,response-variability,
theta-burst-stimulation-bursts-of-high-frequency-18f3aqg,Entity;StimulationProtocol,"Theta-burst stimulation, bursts of high-frequency pulses repeated at theta rhythm",StimulationProtocol,theta-burst-stimulation,
theta-burst-stimulation-response-0zt9s4g,Entity;Outcome,Theta-burst stimulation response,Outcome,,
theta-burst-transcranial-magnetic-stimulation-1e5xgro,Entity;StimulationProtocol,Theta-burst transcranial magnetic stimulation,StimulationProtocol,theta-burst-stimulation,
three-rival-drive-to-molecular-endpoint-routes-t-1f8muh0,Entity;CouplingMechanism,"Three rival drive-to-molecular-endpoint routes: the nominal compound, a metabolite with no identified receptor, and a downstream requirement shared with structurally unrelated drugs",CouplingMechanism,,
threshold-set-by-time-averaged-postsynaptic-acti-045unym,Entity;CouplingMechanism,Threshold set by time-averaged postsynaptic activity (BCM sliding threshold),CouplingMechanism,bcm-rule,
thrice-weekly-racemic-ketamine-1wcjtvb,Entity;ExogenousDrive,Thrice-weekly racemic ketamine,ExogenousDrive,ketamine,
tibial-nerve-somatosensory-evoked-potentials-1kzbe3a,Entity;Measurement,Tibial-nerve somatosensory evoked potentials,Measurement,,
timing-of-the-phasic-locus-coeruleus-burst-but-n-02nr1ey,Entity;Measurement,"Timing of the phasic locus coeruleus burst, but not the total amount of locus coeruleus activity",Measurement,phasic-tonic,
tissue-damage-at-a-given-charge-density-073nzbm,Entity;Outcome,Tissue damage at a given charge density,Outcome,tissue-damage-threshold,
tms-coil-geometry-1gtmnqz,Entity;StimulationProtocol,TMS coil geometry,StimulationProtocol,figure-eight-coil,
tms-evoked-eeg-potential-0tiu8ev,Entity;Measurement,TMS-evoked EEG potential,Measurement,tms-evoked-potential,
tms-field-in-a-head-model-coupled-to-realistic-n-17ss81m,Entity;CouplingMechanism,TMS field in a head model coupled to realistic neuron morphologies,CouplingMechanism,morphologically-realistic-model,
tms-transcranial-electrical-stimulation-and-tdcs-1sh7sqj,Entity;StimulationProtocol,"TMS, transcranial electrical stimulation and tDCS parameters, including intensity and current direction",StimulationProtocol,tms,
tolerable-transcranial-scalp-currents-09s9si9,Entity;StimulationProtocol,Tolerable transcranial scalp currents,StimulationProtocol,tes,
train-frequency-of-electroconvulsive-therapy-and-1o8vj7r,Entity;StimulationProtocol,Train frequency of electroconvulsive therapy and magnetic seizure therapy,StimulationProtocol,train,
transcranial-alternating-current-stimulation-1csl9x1,Entity;ExogenousDrive,Transcranial alternating current stimulation,ExogenousDrive,tacs,
transcranial-alternating-current-stimulation-at-1b6gh06,Entity;ExogenousDrive,Transcranial alternating current stimulation at the network's intrinsic rhythm,ExogenousDrive,network-resonance,
transcranial-alternating-current-stimulation-at-1p2yqau,Entity;ExogenousDrive,Transcranial alternating current stimulation at about 4-6 mA,ExogenousDrive,tacs,
transcranial-alternating-current-stimulation-at-1wk8frr,Entity;ExogenousDrive,Transcranial alternating current stimulation at intensities feasible in humans,ExogenousDrive,tacs,
transcranial-alternating-current-stimulation-wit-0nc6bco,Entity;ExogenousDrive,Transcranial alternating current stimulation with somatosensory input blocked by topical anaesthesia,ExogenousDrive,tacs,
transcranial-direct-current-stimulation-090szlh,Entity;ExogenousDrive,Transcranial direct current stimulation,ExogenousDrive,tdcs,
transcranial-direct-current-stimulation-11jlof5,Entity;StimulationProtocol,Transcranial direct current stimulation,StimulationProtocol,tdcs,
transcranial-direct-current-stimulation-effects-0l42a8w,Entity;ExogenousDrive,Transcranial direct current stimulation effects attributed to direct cortical polarization,ExogenousDrive,tdcs,
transcranial-direct-current-stimulation-of-motor-10pdgqk,Entity;ExogenousDrive,Transcranial direct current stimulation of motor cortex,ExogenousDrive,tdcs,
transcranial-electric-and-magnetic-stimulation-0mukmy5,Entity;ExogenousDrive,Transcranial electric and magnetic stimulation,ExogenousDrive,tes,
transcranial-electric-stimulation-0drjeqe,Entity;ExogenousDrive,Transcranial electric stimulation,ExogenousDrive,tes,
transcranial-electrical-stimulation-0grzmgf,Entity;ExogenousDrive,Transcranial electrical stimulation,ExogenousDrive,tes,
transcranial-electrical-stimulation-at-2-ma-at-t-1ff4x3j,Entity;ExogenousDrive,Transcranial electrical stimulation at 2 mA at the scalp,ExogenousDrive,tes,
transcranial-magnetic-stimulation-07yxleb,Entity;ExogenousDrive,Transcranial magnetic stimulation,ExogenousDrive,tms,
transcranial-magnetic-stimulation-with-conventio-17u5f57,Entity;StimulationProtocol,Transcranial magnetic stimulation with conventional parameters,StimulationProtocol,tms,
transcranial-optical-dose-08jnwcp,Entity;StimulationProtocol,Transcranial optical dose,StimulationProtocol,dose,
transcranial-pulse-stimulation-1j7r0no,Entity;ExogenousDrive,Transcranial pulse stimulation,ExogenousDrive,mj-per-mm2,
transcranial-static-magnetic-field-stimulation-0jrukv5,Entity;ExogenousDrive,Transcranial static magnetic field stimulation,ExogenousDrive,,
transcranial-ultrasound-stimulation-1cxxd04,Entity;ExogenousDrive,Transcranial ultrasound stimulation,ExogenousDrive,tus,
transcutaneous-peripheral-nerve-and-skin-co-stim-1viwhz8,Entity;Confound,Transcutaneous peripheral nerve and skin co-stimulation by tACS,Confound,peripheral-route,
transcutaneous-stimulation-of-scalp-afferents-by-0gdtmfx,Entity;Confound,Transcutaneous stimulation of scalp afferents by tACS,Confound,peripheral-route,
transduction-of-low-pressure-ultrasound-in-c-ele-1s85lmm,Entity;Outcome,Transduction of low-pressure ultrasound in C. elegans,Outcome,,
transfer-of-an-animal-tes-dose-to-humans-17125tx,Entity;StimulationProtocol,Transfer of an animal tES dose to humans,StimulationProtocol,dose,
translocator-protein-tspo-1w5whsx,Entity;GeneProduct,Translocator protein (TSPO),GeneProduct,tspo,
transmembrane-domain-site-of-trkb-dimers-0srkjaa,Entity;Molecule,Transmembrane-domain site of TRKB dimers,Molecule,trkb,
transmission-through-the-human-skull-03btebv,Entity;CouplingMechanism,Transmission through the human skull,CouplingMechanism,transmittance,
trek-1-trek-2-traak-and-nav1-5-currents-0o6lh6p,Entity;GeneProduct,"TREK-1, TREK-2, TRAAK and NaV1.5 currents",GeneProduct,mechanosensitive-channel,
trkb-0itud0a,Entity;GeneProduct,TrkB,GeneProduct,trkb,
trkb-at-sites-partly-distinct-from-the-antidepre-09n7tbk,Entity;Molecule,"TrkB, at sites partly distinct from the antidepressant site",Molecule,trkb,
two-low-intensity-repetitive-tms-protocols-0btvky8,Entity;StimulationProtocol,Two low-intensity repetitive TMS protocols,StimulationProtocol,rtms,
uberon-species-neutral-anatomy-ontology-class-00zyoja,Entity;Measurement,Uberon species-neutral anatomy ontology class,Measurement,uberon,
ultrabrief-right-unilateral-electroconvulsive-th-0ix5350,Entity;StimulationProtocol,Ultrabrief right unilateral electroconvulsive therapy,StimulationProtocol,electroconvulsive-therapy,
ultraharmonic-microbubble-emissions-detected-by-1uothlm,Entity;Measurement,Ultraharmonic microbubble emissions detected by a hydrophone,Measurement,ultraharmonic-emission,
ultrasound-at-0-8-mhz-and-0-20-mpa-1s8zjey,Entity;ExogenousDrive,Ultrasound at 0.8 MHz and 0.20 MPa,ExogenousDrive,tus,
ultrasound-evoked-c-fos-induction-and-contralate-0zmranl,Entity;Outcome,Ultrasound-evoked c-fos induction and contralateral limb movement through intact skull,Outcome,c-fos,
ultrasound-evoked-calcium-responses-limb-movemen-0mx82c0,Entity;Outcome,"Ultrasound-evoked calcium responses, limb movement and EMG",Outcome,electromyography,
ultrasound-evoked-central-amygdala-response-null-03ssxep,Entity;Measurement,Ultrasound-evoked central amygdala response (null; only neuronal deletion reduced it),Measurement,,
ultrasound-evoked-cortical-activity-and-startle-06yoswn,Entity;Outcome,Ultrasound-evoked cortical activity and startle-like motor response,Outcome,,
ultrasound-gating-of-human-trpa1-1n71arg,Entity;GeneProduct,Ultrasound gating of human TRPA1,GeneProduct,trpa1,
ultrasound-heating-of-rat-ventral-posterolateral-13vgsv2,Entity;CouplingMechanism,Ultrasound heating of rat ventral posterolateral thalamus,CouplingMechanism,thermal-account,
ultrasound-in-the-presence-of-gas-bodies-08g0s7y,Entity;ExogenousDrive,Ultrasound in the presence of gas bodies,ExogenousDrive,tus,
ultrasound-induced-inhibition-of-tms-evoked-moto-156anik,Entity;Outcome,Ultrasound-induced inhibition of TMS-evoked motor potentials,Outcome,,
ultrasound-induced-motor-inhibition-indexed-by-t-0qavx59,Entity;Measurement,Ultrasound-induced motor inhibition indexed by TMS-elicited motor evoked potentials,Measurement,motor-evoked-potential,
ultrasound-responsiveness-of-the-chosen-neurons-1ab3fmj,Entity;NeuronPopulation,Ultrasound responsiveness of the chosen neurons,NeuronPopulation,,
uncontrolled-brain-state-at-the-moment-of-stimul-1h0ry0z,Entity;Confound,Uncontrolled brain state at the moment of stimulation,Confound,state-dependence,
uncorrected-mri-artefacts-in-head-segmentation-0x0p865,Entity;Confound,Uncorrected MRI artefacts in head segmentation,Confound,finite-element-head-model,
undocumented-methodological-practice-in-electric-1amadtx,Entity;Confound,Undocumented methodological practice in electrical brain stimulation research,Confound,reproducibility,
uniform-dc-electric-field-applied-parallel-to-th-0eatu2c,Entity;CouplingMechanism,Uniform DC electric field applied parallel to the somato-dendritic axis,CouplingMechanism,uniform-field,
uniform-dc-electric-field-parallel-to-the-somato-1q9w0v5,Entity;CouplingMechanism,Uniform DC electric field parallel to the somato-dendritic axis,CouplingMechanism,uniform-field,
uniform-electric-field-acting-on-reconstructed-m-18yurfi,Entity;CouplingMechanism,Uniform electric field acting on reconstructed motor-cortex neuron morphologies,CouplingMechanism,uniform-field,
uniform-electric-fields-above-the-linear-polaris-112uvq9,Entity;CouplingMechanism,Uniform electric fields above the linear-polarisation range,CouplingMechanism,uniform-field,
uniform-field-applied-perpendicular-to-the-somat-0ak0m7l,Entity;CouplingMechanism,Uniform field applied perpendicular to the somato-dendritic axis,CouplingMechanism,somato-dendritic-axis,
uniform-field-stimulation-as-distinct-from-somat-1u81v5j,Entity;CouplingMechanism,"Uniform-field stimulation, as distinct from somatic current injection",CouplingMechanism,uniform-field,
unmeasured-joins-in-the-40-hz-chain-19b6nlw,Entity;Confound,Unmeasured joins in the 40 Hz chain,Confound,convergence,
unreported-current-frequency-pulse-width-and-tra-0pgyp7q,Entity;Confound,"Unreported current, frequency, pulse width and train duration of the founding vagal experiment",Confound,dose-parameter-set,
unreported-effective-stimulation-dose-1ecdvhs,Entity;Confound,Unreported effective stimulation dose,Confound,dose,
vagal-afferent-neurons-through-a-glutamatergic-s-1jmcnq3,Entity;NeuronPopulation,"Vagal afferent neurons, through a glutamatergic synapse",NeuronPopulation,vagus-nerve,
vagal-stimulation-1dup16g,Entity;ExogenousDrive,Vagal stimulation,ExogenousDrive,vagus-nerve-stimulation,
vagal-stimulation-as-engagement-of-a-single-chan-0jic9o2,Entity;ExogenousDrive,Vagal stimulation as engagement of a single channel,ExogenousDrive,vagus-nerve-stimulation,
vagal-suppression-of-splenic-tnf-1l807va,Entity;Outcome,Vagal suppression of splenic TNF,Outcome,tnf,
vagus-nerve-stimulation-0vbb301,Entity;ExogenousDrive,Vagus nerve stimulation,ExogenousDrive,vagus-nerve-stimulation,
vagus-nerve-stimulation-as-a-reproducible-drive-0pp7pls,Entity;ExogenousDrive,Vagus nerve stimulation as a reproducible drive,ExogenousDrive,vagus-nerve-stimulation,
vagus-nerve-stimulation-current-amplitude-and-pu-00ywrb1,Entity;StimulationProtocol,Vagus nerve stimulation current amplitude and pulse width,StimulationProtocol,vagus-nerve-stimulation,
vagus-nerve-stimulation-paired-with-a-jaw-moveme-0294zws,Entity;ExogenousDrive,Vagus nerve stimulation paired with a jaw-movement behaviour,ExogenousDrive,vagus-nerve-stimulation,
vagus-nerve-stimulation-pulse-frequency-06xmyqm,Entity;StimulationProtocol,Vagus nerve stimulation pulse frequency,StimulationProtocol,pulse-frequency,
variability-of-theta-burst-stimulation-after-eff-0bwb2u1,Entity;Measurement,Variability of theta-burst stimulation after-effects,Measurement,response-variability,
vns-dependent-cortical-map-expansion-1ot0lwm,Entity;Outcome,VNS-dependent cortical map expansion,Outcome,cortical-map-plasticity,
vns-paired-expansion-of-the-jaw-representation-i-0kvfh7v,Entity;Outcome,VNS-paired expansion of the jaw representation in motor cortex,Outcome,cortical-map-plasticity,
vns-paired-expansion-of-the-proximal-forelimb-mo-109toe9,Entity;Outcome,VNS-paired expansion of the proximal forelimb motor representation,Outcome,cortical-map-plasticity,
volume-of-distribution-in-tissue-0024z40,Entity;Measurement,Volume of distribution in tissue,Measurement,,
volume-of-distribution-of-an-infused-molecule-in-15m6ws5,Entity;Measurement,Volume of distribution of an infused molecule in brain extracellular space,Measurement,brain-extracellular-fluid,
volume-of-distribution-of-infused-solute-in-whit-005rb0m,Entity;Measurement,Volume of distribution of infused solute in white matter,Measurement,,
wearing-off-dyskinesia-and-the-long-duration-res-03gemas,Entity;Outcome,"Wearing-off, dyskinesia and the long-duration response",Outcome,,
weekly-attack-frequency-in-medically-intractable-0syffrh,Entity;Outcome,Weekly attack frequency in medically intractable chronic cluster headache,Outcome,clinical-response,
whether-acoustic-coupling-is-reversible-modulati-05679pv,Entity;Outcome,Whether acoustic coupling is reversible modulation or a lesion,Outcome,cem43,
which-functional-circuit-is-running-on-a-fixed-a-1lb1up7,Entity;Circuit,Which functional circuit is running on a fixed anatomical scaffold,Circuit,,
which-neural-element-is-excited-13l418z,Entity;NeuronPopulation,Which neural element is excited,NeuronPopulation,,
whole-chain-efficacy-testing-without-target-veri-0ly17ok,Entity;Confound,Whole-chain efficacy testing without target verification,Confound,target-engagement,
widespread-cortical-and-subcortical-activation-a-0evwx6q,Entity;Outcome,Widespread cortical and subcortical activation attributed to transcranial ultrasound,Outcome,,
within-person-instability-of-motor-cortex-rtms-a-1oe6det,Entity;Confound,Within-person instability of motor-cortex rTMS after-effects,Confound,reproducibility,
zuranolone-which-shares-brexanolone-s-target-pha-1j566z3,Entity;Molecule,"Zuranolone, which shares brexanolone's target pharmacology",Molecule,zuranolone,
